Otu522.1	data/CAMISIM_run/platanthera_mock/genomes/source_genomes/3823_B.fasta
Otu522.0	data/CAMISIM_run/platanthera_mock/genomes/source_genomes/3823_S.fasta
Otu984	data/CAMISIM_run/platanthera_mock/genomes/source_genomes/987045.PRJNA63165.fasta
Otu981	data/CAMISIM_run/platanthera_mock/genomes/source_genomes/323097.PRJNA13473.fasta
Otu980	data/CAMISIM_run/platanthera_mock/genomes/source_genomes/521096.PRJNA29399.fasta
Otu212.1	data/CAMISIM_run/platanthera_mock/genomes/source_genomes/3823_N.fasta
Otu212.0	data/CAMISIM_run/platanthera_mock/genomes/source_genomes/3934_CH.fasta
Otu823	data/CAMISIM_run/platanthera_mock/genomes/source_genomes/LjRoot48.fasta
Otu820	data/CAMISIM_run/platanthera_mock/genomes/source_genomes/LjRoot53.fasta
Otu821	data/CAMISIM_run/platanthera_mock/genomes/source_genomes/LjRoot92.fasta
Otu824	data/CAMISIM_run/platanthera_mock/genomes/source_genomes/520709.PRJNA183323.fasta
Otu337.0	data/CAMISIM_run/platanthera_mock/genomes/source_genomes/1387231.PRJNA215329.fasta
Otu107.0	data/CAMISIM_run/platanthera_mock/genomes/source_genomes/Chlamy109.fasta
Otu257.0	data/CAMISIM_run/platanthera_mock/genomes/source_genomes/243230.PRJNA65.fasta
Otu725	data/CAMISIM_run/platanthera_mock/genomes/source_genomes/1121335.PRJNA181307.fasta
Otu491.0	data/CAMISIM_run/platanthera_mock/genomes/source_genomes/3934_CM.fasta
Otu491.1	data/CAMISIM_run/platanthera_mock/genomes/source_genomes/LjRoot131.fasta
Otu981.0	data/CAMISIM_run/platanthera_mock/genomes/source_genomes/204669.PRJNA15771.fasta
Otu1043	data/CAMISIM_run/platanthera_mock/genomes/source_genomes/1353246.PRJNA210247.fasta
Otu528	data/CAMISIM_run/platanthera_mock/genomes/source_genomes/3934_CB.fasta
Otu1046	data/CAMISIM_run/platanthera_mock/genomes/source_genomes/3823_U.fasta
Otu493.0	data/CAMISIM_run/platanthera_mock/genomes/source_genomes/455632.PRJDA20085.fasta
Otu1048	data/CAMISIM_run/platanthera_mock/genomes/source_genomes/1343740.PRJNA207502.fasta
Otu701.0	data/CAMISIM_run/platanthera_mock/genomes/source_genomes/1304886.PRJNA195832.fasta
Otu526.0	data/CAMISIM_run/platanthera_mock/genomes/source_genomes/1312954.PRJNA232074.fasta
Otu692.1	data/CAMISIM_run/platanthera_mock/genomes/source_genomes/LjRoot154.fasta
Otu692.0	data/CAMISIM_run/platanthera_mock/genomes/source_genomes/316.PRJNA240232.fasta
Otu828.0	data/CAMISIM_run/platanthera_mock/genomes/source_genomes/526225.PRJNA29547.fasta
Otu987.1	data/CAMISIM_run/platanthera_mock/genomes/source_genomes/LjRoot196.fasta
Otu265.0	data/CAMISIM_run/platanthera_mock/genomes/source_genomes/720555.PRJNA46075.fasta
Otu850.0	data/CAMISIM_run/platanthera_mock/genomes/source_genomes/LjRoot179.fasta
Otu80.1	data/CAMISIM_run/platanthera_mock/genomes/source_genomes/LjRoot38.fasta
Otu80.0	data/CAMISIM_run/platanthera_mock/genomes/source_genomes/Chlamy53.fasta
Otu247.0	data/CAMISIM_run/platanthera_mock/genomes/source_genomes/1120948.PRJNA165357.fasta
Otu451.0	data/CAMISIM_run/platanthera_mock/genomes/source_genomes/1159488.PRJEA88899.fasta
Otu331.0	data/CAMISIM_run/platanthera_mock/genomes/source_genomes/1123261.PRJNA195811.fasta
Otu241.0	data/CAMISIM_run/platanthera_mock/genomes/source_genomes/1205910.PRJNA169662.fasta
Otu790	data/CAMISIM_run/platanthera_mock/genomes/source_genomes/469371.PRJNA20737.fasta
Otu1037	data/CAMISIM_run/platanthera_mock/genomes/source_genomes/LjRoot31.fasta
Otu1086.0	data/CAMISIM_run/platanthera_mock/genomes/source_genomes/LjRoot183.fasta
Otu1039	data/CAMISIM_run/platanthera_mock/genomes/source_genomes/358823.PRJNA242835.fasta
Otu1038	data/CAMISIM_run/platanthera_mock/genomes/source_genomes/591167.PRJNA33771.fasta
Otu952	data/CAMISIM_run/platanthera_mock/genomes/source_genomes/LjRoot43.fasta
Otu953	data/CAMISIM_run/platanthera_mock/genomes/source_genomes/3823_AQ.fasta
Otu774	data/CAMISIM_run/platanthera_mock/genomes/source_genomes/LjRoot42.fasta
Otu956	data/CAMISIM_run/platanthera_mock/genomes/source_genomes/1173027.PRJNA158839.fasta
Otu957	data/CAMISIM_run/platanthera_mock/genomes/source_genomes/3823_O.fasta
Otu771	data/CAMISIM_run/platanthera_mock/genomes/source_genomes/3934_CG.fasta
Otu677	data/CAMISIM_run/platanthera_mock/genomes/source_genomes/3934_AX.fasta
Otu892	data/CAMISIM_run/platanthera_mock/genomes/source_genomes/1267600.PRJNA239657.fasta
Otu891	data/CAMISIM_run/platanthera_mock/genomes/source_genomes/3934_CP.fasta
Otu890	data/CAMISIM_run/platanthera_mock/genomes/source_genomes/690598.PRJNA41633.fasta
Otu897	data/CAMISIM_run/platanthera_mock/genomes/source_genomes/LjRoot104.fasta
Otu778	data/CAMISIM_run/platanthera_mock/genomes/source_genomes/LjRoot142.fasta
Otu894	data/CAMISIM_run/platanthera_mock/genomes/source_genomes/523850.PRJNA20773.fasta
Otu261.1	data/CAMISIM_run/platanthera_mock/genomes/source_genomes/3934_AE.fasta
Otu983	data/CAMISIM_run/platanthera_mock/genomes/source_genomes/652017.PRJNA238302.fasta
Otu590.0	data/CAMISIM_run/platanthera_mock/genomes/source_genomes/546414.PRJNA16691.fasta
Otu352.0	data/CAMISIM_run/platanthera_mock/genomes/source_genomes/3934_BL.fasta
Otu982	data/CAMISIM_run/platanthera_mock/genomes/source_genomes/LjRoot79.fasta
Otu370.0	data/CAMISIM_run/platanthera_mock/genomes/source_genomes/LjRoot9.fasta
Otu592.0	data/CAMISIM_run/platanthera_mock/genomes/source_genomes/401053.PRJNA48971.fasta
Otu86.0	data/CAMISIM_run/platanthera_mock/genomes/source_genomes/Chlamy9.fasta
Otu300.0	data/CAMISIM_run/platanthera_mock/genomes/source_genomes/246197.PRJNA1421.fasta
Otu162.0	data/CAMISIM_run/platanthera_mock/genomes/source_genomes/LjRoot13.fasta
Otu1.0	data/CAMISIM_run/platanthera_mock/genomes/source_genomes/1214242.PRJNA171216.fasta
Otu7.0	data/CAMISIM_run/platanthera_mock/genomes/source_genomes/1463864.PRJNA238534.fasta
Otu460.0	data/CAMISIM_run/platanthera_mock/genomes/source_genomes/1432050.PRJNA230502.fasta
Otu9.0	data/CAMISIM_run/platanthera_mock/genomes/source_genomes/Chlamy84.fasta
Otu22.0	data/CAMISIM_run/platanthera_mock/genomes/source_genomes/1107311.PRJNA221771.fasta
Otu96.0	data/CAMISIM_run/platanthera_mock/genomes/source_genomes/3934_C.fasta
Otu1087	data/CAMISIM_run/platanthera_mock/genomes/source_genomes/337191.PRJNA50495.fasta
Otu1084	data/CAMISIM_run/platanthera_mock/genomes/source_genomes/1217721.PRJNA254093.fasta
Otu1085	data/CAMISIM_run/platanthera_mock/genomes/source_genomes/3823_A.fasta
Otu822.0	data/CAMISIM_run/platanthera_mock/genomes/source_genomes/Chlamy126.fasta
Otu28.0	data/CAMISIM_run/platanthera_mock/genomes/source_genomes/1218084.PRJDB257.fasta
Otu1088	data/CAMISIM_run/platanthera_mock/genomes/source_genomes/529.PRJNA244571.fasta
Otu874	data/CAMISIM_run/platanthera_mock/genomes/source_genomes/1356854.PRJNA210955.fasta
Otu877	data/CAMISIM_run/platanthera_mock/genomes/source_genomes/Chlamy119.fasta
Otu876	data/CAMISIM_run/platanthera_mock/genomes/source_genomes/452863.PRJNA20011.fasta
Otu871	data/CAMISIM_run/platanthera_mock/genomes/source_genomes/1206781.PRJNA170044.fasta
Otu873	data/CAMISIM_run/platanthera_mock/genomes/source_genomes/251221.PRJNA9606.fasta
Otu872	data/CAMISIM_run/platanthera_mock/genomes/source_genomes/1439940.PRJNA232351.fasta
Otu406.0	data/CAMISIM_run/platanthera_mock/genomes/source_genomes/491205.PRJNA236202.fasta
Otu878	data/CAMISIM_run/platanthera_mock/genomes/source_genomes/3934_BB.fasta
Otu673.0	data/CAMISIM_run/platanthera_mock/genomes/source_genomes/323848.PRJNA13912.fasta
Otu434.0	data/CAMISIM_run/platanthera_mock/genomes/source_genomes/861299.PRJNA194094.fasta
Otu654	data/CAMISIM_run/platanthera_mock/genomes/source_genomes/LjRoot49.fasta
Otu1043.0	data/CAMISIM_run/platanthera_mock/genomes/source_genomes/234267.PRJNA12638.fasta
Otu584.0	data/CAMISIM_run/platanthera_mock/genomes/source_genomes/3823_AC.fasta
Otu582.0	data/CAMISIM_run/platanthera_mock/genomes/source_genomes/1196323.PRJNA167831.fasta
Otu416.0	data/CAMISIM_run/platanthera_mock/genomes/source_genomes/LjRoot34.fasta
Otu1027	data/CAMISIM_run/platanthera_mock/genomes/source_genomes/3823_C.fasta
Otu1073	data/CAMISIM_run/platanthera_mock/genomes/source_genomes/292459.PRJNA12994.fasta
Otu1072	data/CAMISIM_run/platanthera_mock/genomes/source_genomes/756499.PRJNA61181.fasta
Otu1071	data/CAMISIM_run/platanthera_mock/genomes/source_genomes/3934_CQ.fasta
Otu1070	data/CAMISIM_run/platanthera_mock/genomes/source_genomes/3934_AM.fasta
Otu1076	data/CAMISIM_run/platanthera_mock/genomes/source_genomes/290340.PRJNA12512.fasta
Otu738	data/CAMISIM_run/platanthera_mock/genomes/source_genomes/3937_I.fasta
Otu739	data/CAMISIM_run/platanthera_mock/genomes/source_genomes/Chlamy52.fasta
Otu14.0	data/CAMISIM_run/platanthera_mock/genomes/source_genomes/3934_CK.fasta
Otu735	data/CAMISIM_run/platanthera_mock/genomes/source_genomes/LjRoot192.fasta
Otu476.0	data/CAMISIM_run/platanthera_mock/genomes/source_genomes/277.PRJNA260561.fasta
Otu64.0	data/CAMISIM_run/platanthera_mock/genomes/source_genomes/3823_AO.fasta
Otu3.0	data/CAMISIM_run/platanthera_mock/genomes/source_genomes/3823_AA.fasta
Otu754.0	data/CAMISIM_run/platanthera_mock/genomes/source_genomes/553385.PRJNA237992.fasta
Otu645	data/CAMISIM_run/platanthera_mock/genomes/source_genomes/LjRoot186.fasta
Otu392.0	data/CAMISIM_run/platanthera_mock/genomes/source_genomes/3934_BR.fasta
Otu830.0	data/CAMISIM_run/platanthera_mock/genomes/source_genomes/3823_M.fasta
Otu250.0	data/CAMISIM_run/platanthera_mock/genomes/source_genomes/LjRoot184.fasta
Otu905	data/CAMISIM_run/platanthera_mock/genomes/source_genomes/315750.PRJNA20391.fasta
Otu174.0	data/CAMISIM_run/platanthera_mock/genomes/source_genomes/LjRoot82.fasta
Otu900	data/CAMISIM_run/platanthera_mock/genomes/source_genomes/457425.PRJNA180996.fasta
Otu902	data/CAMISIM_run/platanthera_mock/genomes/source_genomes/1217712.PRJNA183309.fasta
Otu602	data/CAMISIM_run/platanthera_mock/genomes/source_genomes/1405.PRJNA243593.fasta
Otu129.0	data/CAMISIM_run/platanthera_mock/genomes/source_genomes/3934_AG.fasta
Otu987.0	data/CAMISIM_run/platanthera_mock/genomes/source_genomes/Chlamy149.fasta
Otu551.0	data/CAMISIM_run/platanthera_mock/genomes/source_genomes/525903.PRJNA29531.fasta
Otu639	data/CAMISIM_run/platanthera_mock/genomes/source_genomes/1404245.PRJNA221205.fasta
Otu503.0	data/CAMISIM_run/platanthera_mock/genomes/source_genomes/675511.PRJNA89087.fasta
Otu1042	data/CAMISIM_run/platanthera_mock/genomes/source_genomes/665577.PRJNA63193.fasta
Otu72.0	data/CAMISIM_run/platanthera_mock/genomes/source_genomes/3823_W.fasta
Otu1007.0	data/CAMISIM_run/platanthera_mock/genomes/source_genomes/316330.PRJNA201009.fasta
Otu24.0	data/CAMISIM_run/platanthera_mock/genomes/source_genomes/3823_Y.fasta
Otu795.0	data/CAMISIM_run/platanthera_mock/genomes/source_genomes/LjRoot33.fasta
Otu924	data/CAMISIM_run/platanthera_mock/genomes/source_genomes/479431.PRJNA29537.fasta
Otu396.0	data/CAMISIM_run/platanthera_mock/genomes/source_genomes/395965.PRJNA20635.fasta
Otu553.0	data/CAMISIM_run/platanthera_mock/genomes/source_genomes/1254432.PRJNA179502.fasta
Otu831	data/CAMISIM_run/platanthera_mock/genomes/source_genomes/1121917.PRJNA165395.fasta
Otu833	data/CAMISIM_run/platanthera_mock/genomes/source_genomes/667632.PRJNA169697.fasta
Otu837	data/CAMISIM_run/platanthera_mock/genomes/source_genomes/3937_Q.fasta
Otu153.0	data/CAMISIM_run/platanthera_mock/genomes/source_genomes/3934_AI.fasta
Otu555.0	data/CAMISIM_run/platanthera_mock/genomes/source_genomes/796606.PRJNA246479.fasta
Otu1003.0	data/CAMISIM_run/platanthera_mock/genomes/source_genomes/590998.PRJNA33691.fasta
Otu511.0	data/CAMISIM_run/platanthera_mock/genomes/source_genomes/Chlamy151.fasta
Otu295.0	data/CAMISIM_run/platanthera_mock/genomes/source_genomes/1217718.PRJNA171721.fasta
Otu275.0	data/CAMISIM_run/platanthera_mock/genomes/source_genomes/65497.PRJNA238534.fasta
Otu1011.0	data/CAMISIM_run/platanthera_mock/genomes/source_genomes/LjRoot156.fasta
Otu1011.1	data/CAMISIM_run/platanthera_mock/genomes/source_genomes/Chlamy71.fasta
Otu1047.0	data/CAMISIM_run/platanthera_mock/genomes/source_genomes/457427.PRJNA33605.fasta
Otu457.0	data/CAMISIM_run/platanthera_mock/genomes/source_genomes/LjRoot69.fasta
Otu74.0	data/CAMISIM_run/platanthera_mock/genomes/source_genomes/LjRoot30.fasta
Otu577.0	data/CAMISIM_run/platanthera_mock/genomes/source_genomes/LjRoot167.fasta
Otu761.0	data/CAMISIM_run/platanthera_mock/genomes/source_genomes/498211.PRJNA28329.fasta
Otu58.0	data/CAMISIM_run/platanthera_mock/genomes/source_genomes/LjRoot122.fasta
Otu83.1	data/CAMISIM_run/platanthera_mock/genomes/source_genomes/3823_F.fasta
Otu1085.1	data/CAMISIM_run/platanthera_mock/genomes/source_genomes/3934_AL.fasta
Otu1085.0	data/CAMISIM_run/platanthera_mock/genomes/source_genomes/LjRoot134.fasta
Otu896.0	data/CAMISIM_run/platanthera_mock/genomes/source_genomes/76114.PRJNA13242.fasta
Otu18.0	data/CAMISIM_run/platanthera_mock/genomes/source_genomes/3823_AH.fasta
Otu18.1	data/CAMISIM_run/platanthera_mock/genomes/source_genomes/LjRoot152.fasta
Otu943.0	data/CAMISIM_run/platanthera_mock/genomes/source_genomes/1262454.PRJNA182080.fasta
Otu890.0	data/CAMISIM_run/platanthera_mock/genomes/source_genomes/1312959.PRJNA232079.fasta
Otu787	data/CAMISIM_run/platanthera_mock/genomes/source_genomes/320771.PRJNA20839.fasta
Otu539.0	data/CAMISIM_run/platanthera_mock/genomes/source_genomes/311403.PRJNA13402.fasta
Otu785	data/CAMISIM_run/platanthera_mock/genomes/source_genomes/1223523.PRJNA188290.fasta
Otu784	data/CAMISIM_run/platanthera_mock/genomes/source_genomes/471853.PRJNA20827.fasta
Otu1025	data/CAMISIM_run/platanthera_mock/genomes/source_genomes/1120971.PRJNA185546.fasta
Otu1026	data/CAMISIM_run/platanthera_mock/genomes/source_genomes/1303518.PRJEB1573.fasta
Otu62.0	data/CAMISIM_run/platanthera_mock/genomes/source_genomes/Chlamy37.fasta
Otu1021	data/CAMISIM_run/platanthera_mock/genomes/source_genomes/497964.PRJNA28531.fasta
Otu1022	data/CAMISIM_run/platanthera_mock/genomes/source_genomes/290402.PRJNA12637.fasta
Otu1023	data/CAMISIM_run/platanthera_mock/genomes/source_genomes/1131730.PRJNA80825.fasta
Otu525.0	data/CAMISIM_run/platanthera_mock/genomes/source_genomes/749927.PRJNA46889.fasta
Otu525.1	data/CAMISIM_run/platanthera_mock/genomes/source_genomes/345341.PRJNA38053.fasta
Otu1029	data/CAMISIM_run/platanthera_mock/genomes/source_genomes/1365176.PRJNA212068.fasta
Otu943	data/CAMISIM_run/platanthera_mock/genomes/source_genomes/930171.PRJNA20087.fasta
Otu942	data/CAMISIM_run/platanthera_mock/genomes/source_genomes/1050202.PRJNA78921.fasta
Otu945	data/CAMISIM_run/platanthera_mock/genomes/source_genomes/1121342.PRJNA194074.fasta
Otu944	data/CAMISIM_run/platanthera_mock/genomes/source_genomes/LjRoot182.fasta
Otu762	data/CAMISIM_run/platanthera_mock/genomes/source_genomes/519442.PRJNA29305.fasta
Otu949	data/CAMISIM_run/platanthera_mock/genomes/source_genomes/3934_AY.fasta
Otu603	data/CAMISIM_run/platanthera_mock/genomes/source_genomes/3823_T.fasta
Otu606	data/CAMISIM_run/platanthera_mock/genomes/source_genomes/485913.PRJNA27943.fasta
Otu768	data/CAMISIM_run/platanthera_mock/genomes/source_genomes/1121353.PRJNA190670.fasta
Otu951.0	data/CAMISIM_run/platanthera_mock/genomes/source_genomes/1120967.PRJNA185542.fasta
Otu633.0	data/CAMISIM_run/platanthera_mock/genomes/source_genomes/1367847.PRJNA212980.fasta
Otu34.0	data/CAMISIM_run/platanthera_mock/genomes/source_genomes/3823_P.fasta
Otu519.0	data/CAMISIM_run/platanthera_mock/genomes/source_genomes/287986.PRJNA244719.fasta
Otu971.0	data/CAMISIM_run/platanthera_mock/genomes/source_genomes/1400520.PRJNA219157.fasta
Otu166.0	data/CAMISIM_run/platanthera_mock/genomes/source_genomes/3934_BF.fasta
Otu398.0	data/CAMISIM_run/platanthera_mock/genomes/source_genomes/1283299.PRJNA186462.fasta
Otu859	data/CAMISIM_run/platanthera_mock/genomes/source_genomes/1417988.PRJNA226735.fasta
Otu779.0	data/CAMISIM_run/platanthera_mock/genomes/source_genomes/350054.PRJNA15760.fasta
Otu858	data/CAMISIM_run/platanthera_mock/genomes/source_genomes/LjRoot10.fasta
Otu610.0	data/CAMISIM_run/platanthera_mock/genomes/source_genomes/1501230.PRJNA246682.fasta
Otu182.0	data/CAMISIM_run/platanthera_mock/genomes/source_genomes/Chlamy76.fasta
Otu955.0	data/CAMISIM_run/platanthera_mock/genomes/source_genomes/315749.PRJNA13624.fasta
Otu521.0	data/CAMISIM_run/platanthera_mock/genomes/source_genomes/3823_H.fasta
Otu755.0	data/CAMISIM_run/platanthera_mock/genomes/source_genomes/1121272.PRJNA165369.fasta
Otu637.0	data/CAMISIM_run/platanthera_mock/genomes/source_genomes/398527.PRJNA17463.fasta
Otu213.0	data/CAMISIM_run/platanthera_mock/genomes/source_genomes/1286171.PRJNA187031.fasta
Otu213.1	data/CAMISIM_run/platanthera_mock/genomes/source_genomes/1292035.PRJNA188694.fasta
Otu242.0	data/CAMISIM_run/platanthera_mock/genomes/source_genomes/1178482.PRJNA214306.fasta
Otu843	data/CAMISIM_run/platanthera_mock/genomes/source_genomes/1238237.PRJNA176510.fasta
Otu847	data/CAMISIM_run/platanthera_mock/genomes/source_genomes/1038866.PRJNA165325.fasta
Otu211.0	data/CAMISIM_run/platanthera_mock/genomes/source_genomes/LjRoot101.fasta
Otu78.0	data/CAMISIM_run/platanthera_mock/genomes/source_genomes/208439.PRJNA251529.fasta
Otu631.1	data/CAMISIM_run/platanthera_mock/genomes/source_genomes/LjRoot145.fasta
Otu721.0	data/CAMISIM_run/platanthera_mock/genomes/source_genomes/627192.PRJNA67115.fasta
Otu721.1	data/CAMISIM_run/platanthera_mock/genomes/source_genomes/452662.PRJDA19949.fasta
Otu618.0	data/CAMISIM_run/platanthera_mock/genomes/source_genomes/236814.PRJNA256039.fasta
Otu535.0	data/CAMISIM_run/platanthera_mock/genomes/source_genomes/1068978.PRJNA173670.fasta
Otu799	data/CAMISIM_run/platanthera_mock/genomes/source_genomes/3823_AT.fasta
Otu616.1	data/CAMISIM_run/platanthera_mock/genomes/source_genomes/1089545.PRJNA165347.fasta
Otu201.0	data/CAMISIM_run/platanthera_mock/genomes/source_genomes/446462.PRJNA19705.fasta
Otu1068	data/CAMISIM_run/platanthera_mock/genomes/source_genomes/1206777.PRJNA170013.fasta
Otu1063	data/CAMISIM_run/platanthera_mock/genomes/source_genomes/3823_AG.fasta
Otu1064	data/CAMISIM_run/platanthera_mock/genomes/source_genomes/394503.PRJNA17419.fasta
Otu1065	data/CAMISIM_run/platanthera_mock/genomes/source_genomes/1316927.PRJNA196427.fasta
Otu209.0	data/CAMISIM_run/platanthera_mock/genomes/source_genomes/743713.PRJNA68653.fasta
Otu712.0	data/CAMISIM_run/platanthera_mock/genomes/source_genomes/759362.PRJNA48079.fasta
Otu797	data/CAMISIM_run/platanthera_mock/genomes/source_genomes/446466.PRJNA19707.fasta
Otu382.0	data/CAMISIM_run/platanthera_mock/genomes/source_genomes/1120973.PRJNA174171.fasta
Otu723	data/CAMISIM_run/platanthera_mock/genomes/source_genomes/LjRoot74.fasta
Otu480.0	data/CAMISIM_run/platanthera_mock/genomes/source_genomes/485918.PRJNA27951.fasta
Otu50.0	data/CAMISIM_run/platanthera_mock/genomes/source_genomes/1298859.PRJNA190816.fasta
Otu867.0	data/CAMISIM_run/platanthera_mock/genomes/source_genomes/1121385.PRJNA182401.fasta
Otu309.0	data/CAMISIM_run/platanthera_mock/genomes/source_genomes/3934_AU.fasta
Otu486.0	data/CAMISIM_run/platanthera_mock/genomes/source_genomes/196162.PRJNA12738.fasta
Otu486.1	data/CAMISIM_run/platanthera_mock/genomes/source_genomes/479435.PRJNA21089.fasta
Otu1059.0	data/CAMISIM_run/platanthera_mock/genomes/source_genomes/Chlamy123.fasta
Otu258.0	data/CAMISIM_run/platanthera_mock/genomes/source_genomes/1124780.PRJNA182711.fasta
Otu931	data/CAMISIM_run/platanthera_mock/genomes/source_genomes/1121362.PRJNA168616.fasta
Otu935	data/CAMISIM_run/platanthera_mock/genomes/source_genomes/443255.PRJNA42475.fasta
Otu936	data/CAMISIM_run/platanthera_mock/genomes/source_genomes/404589.PRJNA17729.fasta
Otu730.0	data/CAMISIM_run/platanthera_mock/genomes/source_genomes/365046.PRJNA16294.fasta
Otu266.0	data/CAMISIM_run/platanthera_mock/genomes/source_genomes/1267981.PRJNA232073.fasta
Otu777	data/CAMISIM_run/platanthera_mock/genomes/source_genomes/321846.PRJNA245780.fasta
Otu835.0	data/CAMISIM_run/platanthera_mock/genomes/source_genomes/3823_J.fasta
Otu268.0	data/CAMISIM_run/platanthera_mock/genomes/source_genomes/509635.PRJNA214790.fasta
Otu801	data/CAMISIM_run/platanthera_mock/genomes/source_genomes/3823_AX.fasta
Otu802	data/CAMISIM_run/platanthera_mock/genomes/source_genomes/3823_AE.fasta
Otu803	data/CAMISIM_run/platanthera_mock/genomes/source_genomes/Chlamy176.fasta
Otu809	data/CAMISIM_run/platanthera_mock/genomes/source_genomes/3937_A.fasta
Otu207.0	data/CAMISIM_run/platanthera_mock/genomes/source_genomes/700508.PRJNA177066.fasta
Otu708.0	data/CAMISIM_run/platanthera_mock/genomes/source_genomes/1217720.PRJNA171724.fasta
Otu4.0	data/CAMISIM_run/platanthera_mock/genomes/source_genomes/LjNodule212.fasta
Otu560.0	data/CAMISIM_run/platanthera_mock/genomes/source_genomes/979226.PRJNA81617.fasta
Otu958	data/CAMISIM_run/platanthera_mock/genomes/source_genomes/LjRoot15.fasta
Otu411.0	data/CAMISIM_run/platanthera_mock/genomes/source_genomes/3823_D.fasta
Otu798.0	data/CAMISIM_run/platanthera_mock/genomes/source_genomes/1429046.PRJNA229768.fasta
Otu91.0	data/CAMISIM_run/platanthera_mock/genomes/source_genomes/LjRoot162.fasta
Otu252.0	data/CAMISIM_run/platanthera_mock/genomes/source_genomes/3823_Q.fasta
Otu839.0	data/CAMISIM_run/platanthera_mock/genomes/source_genomes/LjRoot71.fasta
Otu839.1	data/CAMISIM_run/platanthera_mock/genomes/source_genomes/3934_AN.fasta
Otu93.0	data/CAMISIM_run/platanthera_mock/genomes/source_genomes/3823_K.fasta
Otu837.0	data/CAMISIM_run/platanthera_mock/genomes/source_genomes/Chlamy125.fasta
Otu1059	data/CAMISIM_run/platanthera_mock/genomes/source_genomes/290397.PRJNA12634.fasta
Otu89.0	data/CAMISIM_run/platanthera_mock/genomes/source_genomes/3934_BD.fasta
Otu89.1	data/CAMISIM_run/platanthera_mock/genomes/source_genomes/3934_AA.fasta
Otu2.0	data/CAMISIM_run/platanthera_mock/genomes/source_genomes/1419583.PRJNA227201.fasta
Otu632	data/CAMISIM_run/platanthera_mock/genomes/source_genomes/LjRoot80.fasta
Otu12.0	data/CAMISIM_run/platanthera_mock/genomes/source_genomes/Chlamy183.fasta
Otu1010	data/CAMISIM_run/platanthera_mock/genomes/source_genomes/1449976.PRJNA235190.fasta
Otu1013	data/CAMISIM_run/platanthera_mock/genomes/source_genomes/593907.PRJNA33853.fasta
Otu1012	data/CAMISIM_run/platanthera_mock/genomes/source_genomes/3823_Z.fasta
Otu581.0	data/CAMISIM_run/platanthera_mock/genomes/source_genomes/LjRoot21.fasta
Otu1016	data/CAMISIM_run/platanthera_mock/genomes/source_genomes/1131731.PRJNA80827.fasta
Otu431.0	data/CAMISIM_run/platanthera_mock/genomes/source_genomes/3823_AB.fasta
Otu576	data/CAMISIM_run/platanthera_mock/genomes/source_genomes/3823_AW.fasta
Otu752	data/CAMISIM_run/platanthera_mock/genomes/source_genomes/3823_AL.fasta
Otu960	data/CAMISIM_run/platanthera_mock/genomes/source_genomes/3934_AD.fasta
Otu757	data/CAMISIM_run/platanthera_mock/genomes/source_genomes/926564.PRJNA66563.fasta
Otu611	data/CAMISIM_run/platanthera_mock/genomes/source_genomes/717606.PRJNA49287.fasta
Otu759	data/CAMISIM_run/platanthera_mock/genomes/source_genomes/1200352.PRJNA168617.fasta
Otu977	data/CAMISIM_run/platanthera_mock/genomes/source_genomes/1121377.PRJNA183018.fasta
Otu970	data/CAMISIM_run/platanthera_mock/genomes/source_genomes/1380394.PRJNA213782.fasta
Otu971	data/CAMISIM_run/platanthera_mock/genomes/source_genomes/69328.PRJNA178195.fasta
Otu972	data/CAMISIM_run/platanthera_mock/genomes/source_genomes/LjRoot11.fasta
Otu616	data/CAMISIM_run/platanthera_mock/genomes/source_genomes/3934_BK.fasta
Otu118.0	data/CAMISIM_run/platanthera_mock/genomes/source_genomes/LjRoot3.fasta
Otu261.0	data/CAMISIM_run/platanthera_mock/genomes/source_genomes/LjRoot202.fasta
Otu687	data/CAMISIM_run/platanthera_mock/genomes/source_genomes/LjRoot18.fasta
Otu31.0	data/CAMISIM_run/platanthera_mock/genomes/source_genomes/658612.PRJNA261945.fasta
Otu296.1	data/CAMISIM_run/platanthera_mock/genomes/source_genomes/1120949.PRJNA165359.fasta
Otu296.0	data/CAMISIM_run/platanthera_mock/genomes/source_genomes/1136417.PRJNA169836.fasta
Otu589.0	data/CAMISIM_run/platanthera_mock/genomes/source_genomes/LjRoot125.fasta
Otu1007.1	data/CAMISIM_run/platanthera_mock/genomes/source_genomes/479432.PRJNA21083.fasta
Otu753.0	data/CAMISIM_run/platanthera_mock/genomes/source_genomes/1156919.PRJNA86071.fasta
Otu83.0	data/CAMISIM_run/platanthera_mock/genomes/source_genomes/3823_AK.fasta
Otu423.0	data/CAMISIM_run/platanthera_mock/genomes/source_genomes/1120950.PRJNA169810.fasta
Otu707	data/CAMISIM_run/platanthera_mock/genomes/source_genomes/Chlamy174.fasta
Otu21.0	data/CAMISIM_run/platanthera_mock/genomes/source_genomes/3823_AD.fasta
Otu130.0	data/CAMISIM_run/platanthera_mock/genomes/source_genomes/Chlamy187.fasta
Otu29.0	data/CAMISIM_run/platanthera_mock/genomes/source_genomes/3823_I.fasta
Otu794.0	data/CAMISIM_run/platanthera_mock/genomes/source_genomes/1121033.PRJNA185555.fasta
Otu359.0	data/CAMISIM_run/platanthera_mock/genomes/source_genomes/3823_V.fasta
Otu996	data/CAMISIM_run/platanthera_mock/genomes/source_genomes/3934_I.fasta
Otu997	data/CAMISIM_run/platanthera_mock/genomes/source_genomes/694427.PRJNA42009.fasta
Otu990	data/CAMISIM_run/platanthera_mock/genomes/source_genomes/591159.PRJNA33607.fasta
Otu1021.0	data/CAMISIM_run/platanthera_mock/genomes/source_genomes/421531.PRJNA256038.fasta
Otu856	data/CAMISIM_run/platanthera_mock/genomes/source_genomes/1005941.PRJNA171367.fasta
Otu853	data/CAMISIM_run/platanthera_mock/genomes/source_genomes/1459636.PRJNA235208.fasta
Otu852	data/CAMISIM_run/platanthera_mock/genomes/source_genomes/3823_AM.fasta
Otu999	data/CAMISIM_run/platanthera_mock/genomes/source_genomes/398511.PRJNA28811.fasta
Otu848	data/CAMISIM_run/platanthera_mock/genomes/source_genomes/1121125.PRJNA188849.fasta
Otu554.0	data/CAMISIM_run/platanthera_mock/genomes/source_genomes/1121372.PRJNA188856.fasta
Otu36.0	data/CAMISIM_run/platanthera_mock/genomes/source_genomes/LjRoot16.fasta
Otu631.0	data/CAMISIM_run/platanthera_mock/genomes/source_genomes/3823_AI.fasta
Otu657.0	data/CAMISIM_run/platanthera_mock/genomes/source_genomes/3934_D.fasta
Otu657.1	data/CAMISIM_run/platanthera_mock/genomes/source_genomes/3934_S.fasta
Otu1052	data/CAMISIM_run/platanthera_mock/genomes/source_genomes/1128398.PRJNA79221.fasta
Otu512.0	data/CAMISIM_run/platanthera_mock/genomes/source_genomes/LjRoot129.fasta
Otu126.0	data/CAMISIM_run/platanthera_mock/genomes/source_genomes/3934_BP.fasta
Otu988.0	data/CAMISIM_run/platanthera_mock/genomes/source_genomes/448385.PRJNA28111.fasta
Otu564.0	data/CAMISIM_run/platanthera_mock/genomes/source_genomes/479433.PRJNA21085.fasta
Otu75.0	data/CAMISIM_run/platanthera_mock/genomes/source_genomes/219305.PRJNA33595.fasta
Otu59.0	data/CAMISIM_run/platanthera_mock/genomes/source_genomes/LjRoot40.fasta
Otu19.0	data/CAMISIM_run/platanthera_mock/genomes/source_genomes/3823_E.fasta
Otu1052.0	data/CAMISIM_run/platanthera_mock/genomes/source_genomes/469383.PRJNA20745.fasta
Otu479.0	data/CAMISIM_run/platanthera_mock/genomes/source_genomes/926554.PRJNA66373.fasta
Otu868.0	data/CAMISIM_run/platanthera_mock/genomes/source_genomes/1202532.PRJNA169163.fasta
Otu675.0	data/CAMISIM_run/platanthera_mock/genomes/source_genomes/1298862.PRJNA190819.fasta
Otu659.0	data/CAMISIM_run/platanthera_mock/genomes/source_genomes/3934_BX.fasta
Otu677.0	data/CAMISIM_run/platanthera_mock/genomes/source_genomes/Chlamy147.fasta
Otu927	data/CAMISIM_run/platanthera_mock/genomes/source_genomes/3934_BW.fasta
Otu926	data/CAMISIM_run/platanthera_mock/genomes/source_genomes/3934_AF.fasta
Otu925	data/CAMISIM_run/platanthera_mock/genomes/source_genomes/3934_Y.fasta
Otu780.0	data/CAMISIM_run/platanthera_mock/genomes/source_genomes/1120936.PRJNA185238.fasta
Otu888	data/CAMISIM_run/platanthera_mock/genomes/source_genomes/3823_AN.fasta
Otu1072.0	data/CAMISIM_run/platanthera_mock/genomes/source_genomes/929712.PRJNA63851.fasta
Otu666	data/CAMISIM_run/platanthera_mock/genomes/source_genomes/Chlamy80.fasta
Otu884	data/CAMISIM_run/platanthera_mock/genomes/source_genomes/1406.PRJNA261104.fasta
Otu886	data/CAMISIM_run/platanthera_mock/genomes/source_genomes/3934_AT.fasta
Otu880	data/CAMISIM_run/platanthera_mock/genomes/source_genomes/525897.PRJNA29527.fasta
Otu881	data/CAMISIM_run/platanthera_mock/genomes/source_genomes/1121288.PRJNA188854.fasta
Otu882	data/CAMISIM_run/platanthera_mock/genomes/source_genomes/Chlamy70.fasta
Otu950.0	data/CAMISIM_run/platanthera_mock/genomes/source_genomes/LjRoot1.fasta
Otu950.1	data/CAMISIM_run/platanthera_mock/genomes/source_genomes/1156918.PRJNA86069.fasta
Otu389.0	data/CAMISIM_run/platanthera_mock/genomes/source_genomes/443143.PRJNA33159.fasta
Otu916.0	data/CAMISIM_run/platanthera_mock/genomes/source_genomes/709986.PRJNA43461.fasta
Otu1074.0	data/CAMISIM_run/platanthera_mock/genomes/source_genomes/697284.PRJNA42205.fasta
Otu714	data/CAMISIM_run/platanthera_mock/genomes/source_genomes/LjRoot105.fasta
Otu17.0	data/CAMISIM_run/platanthera_mock/genomes/source_genomes/Chlamy6.fasta
Otu710	data/CAMISIM_run/platanthera_mock/genomes/source_genomes/LjRoot17.fasta
Otu1076.0	data/CAMISIM_run/platanthera_mock/genomes/source_genomes/LjRoot99.fasta
Otu719	data/CAMISIM_run/platanthera_mock/genomes/source_genomes/LjRoot45.fasta
Otu128.0	data/CAMISIM_run/platanthera_mock/genomes/source_genomes/LjRoot177.fasta
Otu518.0	data/CAMISIM_run/platanthera_mock/genomes/source_genomes/485917.PRJNA27949.fasta
Otu665.0	data/CAMISIM_run/platanthera_mock/genomes/source_genomes/421072.PRJNA255518.fasta
Otu813	data/CAMISIM_run/platanthera_mock/genomes/source_genomes/456442.PRJNA18505.fasta
Otu812	data/CAMISIM_run/platanthera_mock/genomes/source_genomes/1441930.PRJNA232738.fasta
Otu811	data/CAMISIM_run/platanthera_mock/genomes/source_genomes/Chlamy165.fasta
Otu817	data/CAMISIM_run/platanthera_mock/genomes/source_genomes/LjRoot44.fasta
Otu816	data/CAMISIM_run/platanthera_mock/genomes/source_genomes/3934_AP.fasta
Otu815	data/CAMISIM_run/platanthera_mock/genomes/source_genomes/444461.PRJNA174173.fasta
Otu814	data/CAMISIM_run/platanthera_mock/genomes/source_genomes/3823_AS.fasta
Otu934.0	data/CAMISIM_run/platanthera_mock/genomes/source_genomes/1285583.PRJNA186910.fasta
Otu671.0	data/CAMISIM_run/platanthera_mock/genomes/source_genomes/1048983.PRJNA245774.fasta
Otu818	data/CAMISIM_run/platanthera_mock/genomes/source_genomes/1304866.PRJNA195881.fasta
Otu179.0	data/CAMISIM_run/platanthera_mock/genomes/source_genomes/3823_AJ.fasta
Otu897.0	data/CAMISIM_run/platanthera_mock/genomes/source_genomes/Chlamy7.fasta
Otu897.1	data/CAMISIM_run/platanthera_mock/genomes/source_genomes/3934_M.fasta
Otu758.0	data/CAMISIM_run/platanthera_mock/genomes/source_genomes/LjRoot70.fasta
Otu786.0	data/CAMISIM_run/platanthera_mock/genomes/source_genomes/446465.PRJNA17026.fasta
Otu978.0	data/CAMISIM_run/platanthera_mock/genomes/source_genomes/3934_AZ.fasta
Otu660	data/CAMISIM_run/platanthera_mock/genomes/source_genomes/357809.PRJNA16184.fasta
Otu661	data/CAMISIM_run/platanthera_mock/genomes/source_genomes/Chlamy90.fasta
Otu663	data/CAMISIM_run/platanthera_mock/genomes/source_genomes/Chlamy107.fasta
Otu902.0	data/CAMISIM_run/platanthera_mock/genomes/source_genomes/1150621.PRJNA84417.fasta
Otu664	data/CAMISIM_run/platanthera_mock/genomes/source_genomes/1089549.PRJNA86067.fasta
Otu1044.0	data/CAMISIM_run/platanthera_mock/genomes/source_genomes/404380.PRJNA17707.fasta
Otu922	data/CAMISIM_run/platanthera_mock/genomes/source_genomes/756067.PRJNA47601.fasta
Otu866	data/CAMISIM_run/platanthera_mock/genomes/source_genomes/1408254.PRJNA223198.fasta
Otu1098	data/CAMISIM_run/platanthera_mock/genomes/source_genomes/69222.PRJNA238419.fasta
Otu864	data/CAMISIM_run/platanthera_mock/genomes/source_genomes/106592.PRJNA247817.fasta
Otu921	data/CAMISIM_run/platanthera_mock/genomes/source_genomes/1121346.PRJNA182399.fasta
Otu883.0	data/CAMISIM_run/platanthera_mock/genomes/source_genomes/253839.PRJNA33601.fasta
Otu1090	data/CAMISIM_run/platanthera_mock/genomes/source_genomes/3937_Y.fasta
Otu1093	data/CAMISIM_run/platanthera_mock/genomes/source_genomes/591158.PRJNA33599.fasta
Otu1092	data/CAMISIM_run/platanthera_mock/genomes/source_genomes/1285586.PRJNA186959.fasta
Otu1046.0	data/CAMISIM_run/platanthera_mock/genomes/source_genomes/762903.PRJNA49337.fasta
Otu1094	data/CAMISIM_run/platanthera_mock/genomes/source_genomes/1295141.PRJNA189715.fasta
Otu869	data/CAMISIM_run/platanthera_mock/genomes/source_genomes/Chlamy44.fasta
Otu187.0	data/CAMISIM_run/platanthera_mock/genomes/source_genomes/LjRoot51.fasta
Otu1015	data/CAMISIM_run/platanthera_mock/genomes/source_genomes/324057.PRJNA20399.fasta
Otu1060.0	data/CAMISIM_run/platanthera_mock/genomes/source_genomes/307480.PRJNA255945.fasta
Otu381.0	data/CAMISIM_run/platanthera_mock/genomes/source_genomes/Chlamy82.fasta
Otu619.0	data/CAMISIM_run/platanthera_mock/genomes/source_genomes/LjRoot117.fasta
Otu347.0	data/CAMISIM_run/platanthera_mock/genomes/source_genomes/1150864.PRJNA84455.fasta
Otu57.0	data/CAMISIM_run/platanthera_mock/genomes/source_genomes/Chlamy182.fasta
Otu222.0	data/CAMISIM_run/platanthera_mock/genomes/source_genomes/1096756.PRJNA208966.fasta
Otu616.0	data/CAMISIM_run/platanthera_mock/genomes/source_genomes/405948.PRJEA18489.fasta
Otu220.0	data/CAMISIM_run/platanthera_mock/genomes/source_genomes/LjRoot153.fasta
Otu220.1	data/CAMISIM_run/platanthera_mock/genomes/source_genomes/1380763.PRJNA238415.fasta
Otu63.0	data/CAMISIM_run/platanthera_mock/genomes/source_genomes/LjRoot149.fasta
Otu1007	data/CAMISIM_run/platanthera_mock/genomes/source_genomes/Chlamy26.fasta
Otu1000	data/CAMISIM_run/platanthera_mock/genomes/source_genomes/1121926.PRJNA188906.fasta
Otu968	data/CAMISIM_run/platanthera_mock/genomes/source_genomes/Chlamy135.fasta
Otu747	data/CAMISIM_run/platanthera_mock/genomes/source_genomes/3934_AO.fasta
Otu962	data/CAMISIM_run/platanthera_mock/genomes/source_genomes/Chlamy13.fasta
Otu961	data/CAMISIM_run/platanthera_mock/genomes/source_genomes/487316.PRJDB1754.fasta
Otu744	data/CAMISIM_run/platanthera_mock/genomes/source_genomes/LjRoot194.fasta
Otu967	data/CAMISIM_run/platanthera_mock/genomes/source_genomes/1345695.PRJNA217481.fasta
Otu966	data/CAMISIM_run/platanthera_mock/genomes/source_genomes/43759.PRJNA238534.fasta
Otu965	data/CAMISIM_run/platanthera_mock/genomes/source_genomes/3934_Z.fasta
Otu964	data/CAMISIM_run/platanthera_mock/genomes/source_genomes/1927.PRJNA242829.fasta
Otu632.0	data/CAMISIM_run/platanthera_mock/genomes/source_genomes/445961.PRJNA255943.fasta
Otu746.0	data/CAMISIM_run/platanthera_mock/genomes/source_genomes/3934_B.fasta
Otu620	data/CAMISIM_run/platanthera_mock/genomes/source_genomes/1214102.PRJNA170443.fasta
Otu1096.1	data/CAMISIM_run/platanthera_mock/genomes/source_genomes/LjRoot143.fasta
Otu1096.0	data/CAMISIM_run/platanthera_mock/genomes/source_genomes/3934_BA.fasta
Otu99.0	data/CAMISIM_run/platanthera_mock/genomes/source_genomes/3823_G.fasta
Otu918	data/CAMISIM_run/platanthera_mock/genomes/source_genomes/1217715.PRJNA183332.fasta
Otu919	data/CAMISIM_run/platanthera_mock/genomes/source_genomes/1038862.PRJNA170887.fasta
Otu734.0	data/CAMISIM_run/platanthera_mock/genomes/source_genomes/1246995.PRJNA178199.fasta
Otu915	data/CAMISIM_run/platanthera_mock/genomes/source_genomes/684949.PRJNA157079.fasta
Otu251.0	data/CAMISIM_run/platanthera_mock/genomes/source_genomes/3934_K.fasta
Otu911	data/CAMISIM_run/platanthera_mock/genomes/source_genomes/1120985.PRJNA188816.fasta
Otu45.0	data/CAMISIM_run/platanthera_mock/genomes/source_genomes/323098.PRJNA13474.fasta
Otu45.1	data/CAMISIM_run/platanthera_mock/genomes/source_genomes/LjRoot90.fasta
Otu624	data/CAMISIM_run/platanthera_mock/genomes/source_genomes/1174504.PRJNA159255.fasta
Otu625	data/CAMISIM_run/platanthera_mock/genomes/source_genomes/935543.PRJNA169686.fasta
Otu325.0	data/CAMISIM_run/platanthera_mock/genomes/source_genomes/LjRoot29.fasta
Otu622	data/CAMISIM_run/platanthera_mock/genomes/source_genomes/1041930.PRJNA73221.fasta
Otu628	data/CAMISIM_run/platanthera_mock/genomes/source_genomes/1523621.PRJNA255748.fasta
Phoma_radicina_MPI-SP2-AT-0466	data/CAMISIM_run/platanthera_mock/genomes/source_genomes/Phoma_radicina_MPI-SP2-AT-0466.contigs.fasta
Aspergillus_fumigatus_MPI-SW4-AT-0569	data/CAMISIM_run/platanthera_mock/genomes/source_genomes/Aspergillus_fumigatus_MPI-SW4-AT-0569.contigs.fasta
Phialocephala_fortinii_MPI-SW4-AT-0651	data/CAMISIM_run/platanthera_mock/genomes/source_genomes/Phialocephala_fortinii_MPI-SW4-AT-0651.contigs.fasta
Sarocladium_strictum_MPI-IT2-AT-0306	data/CAMISIM_run/platanthera_mock/genomes/source_genomes/Sarocladium_strictum_MPI-IT2-AT-0306.contigs.fasta
Penicillium_crustosum_MPI-IT2-AT-0321	data/CAMISIM_run/platanthera_mock/genomes/source_genomes/Penicillium_crustosum_MPI-IT2-AT-0321.contigs.fasta
Pyrenochaeta_lycopersici_MPI-FR1-AT-0381	data/CAMISIM_run/platanthera_mock/genomes/source_genomes/Pyrenochaeta_lycopersici_MPI-FR1-AT-0381.contigs.fasta
Peyronellaea_curtisii_MPI-SP2-AT-0415	data/CAMISIM_run/platanthera_mock/genomes/source_genomes/Peyronellaea_curtisii_MPI-SP2-AT-0415.contigs.fasta
Fusarium_oxysporum_MPI-CAGE-CH-0226	data/CAMISIM_run/platanthera_mock/genomes/source_genomes/Fusarium_oxysporum_MPI-CAGE-CH-0226.contigs.fasta
Talaromyces_verruculosus_MPI-SP2-AT-0411	data/CAMISIM_run/platanthera_mock/genomes/source_genomes/Talaromyces_verruculosus_MPI-SP2-AT-0411.contigs.fasta
Penicillium_canescens_MPI-SW4-AT-0573	data/CAMISIM_run/platanthera_mock/genomes/source_genomes/Penicillium_canescens_MPI-SW4-AT-0573.contigs.fasta
Phoma_selaginellicola_MPI-SW4-AT-0584	data/CAMISIM_run/platanthera_mock/genomes/source_genomes/Phoma_selaginellicola_MPI-SW4-AT-0584.contigs.fasta
Cylindrocarpon_pauciseptatum_MPI-SP2-AT-0468	data/CAMISIM_run/platanthera_mock/genomes/source_genomes/Cylindrocarpon_pauciseptatum_MPI-SP2-AT-0468.contigs.fasta
Verticillium_dahliae_MPI-FR1-AT-0353	data/CAMISIM_run/platanthera_mock/genomes/source_genomes/Verticillium_dahliae_MPI-FR1-AT-0353.contigs.fasta
Alternaria_tenuis_MPI-SDFR-AT-0071	data/CAMISIM_run/platanthera_mock/genomes/source_genomes/Alternaria_tenuis_MPI-SDFR-AT-0071.contigs.fasta
Fusarium_oxysporum_MPI-CAGE-AT-0013	data/CAMISIM_run/platanthera_mock/genomes/source_genomes/Fusarium_oxysporum_MPI-CAGE-AT-0013.contigs.fasta
Fusarium_redolens_MPI-CAGE-CH-0216	data/CAMISIM_run/platanthera_mock/genomes/source_genomes/Fusarium_redolens_MPI-CAGE-CH-0216.contigs.fasta
Fusarium_oxysporum_MPI-FR1-AT-0335	data/CAMISIM_run/platanthera_mock/genomes/source_genomes/Fusarium_oxysporum_MPI-FR1-AT-0335.contigs.fasta
Fusarium_oxysporum_MPI-IT2-AT-0302	data/CAMISIM_run/platanthera_mock/genomes/source_genomes/Fusarium_oxysporum_MPI-IT2-AT-0302.contigs.fasta
Cladosporium_rectoides_MPI-GEGE-AT-0032	data/CAMISIM_run/platanthera_mock/genomes/source_genomes/Cladosporium_rectoides_MPI-GEGE-AT-0032.contigs.fasta
Gibellulopsis_nigrescens_MPI-SP2-AT-0410	data/CAMISIM_run/platanthera_mock/genomes/source_genomes/Gibellulopsis_nigrescens_MPI-SP2-AT-0410.contigs.fasta
Metacordyceps_chlamydosporia_MPI-IT2-AT-0323	data/CAMISIM_run/platanthera_mock/genomes/source_genomes/Metacordyceps_chlamydosporia_MPI-IT2-AT-0323.contigs.fasta
Ochroconis_tshawytschae_MPI-SP2-AT-0416	data/CAMISIM_run/platanthera_mock/genomes/source_genomes/Ochroconis_tshawytschae_MPI-SP2-AT-0416.contigs.fasta
Phomopsis_columnaris_MPI-SP2-AT-0504	data/CAMISIM_run/platanthera_mock/genomes/source_genomes/Phomopsis_columnaris_MPI-SP2-AT-0504.contigs.fasta
Umbelopsis_autotrophica_MPI-SW4-AT-0611	data/CAMISIM_run/platanthera_mock/genomes/source_genomes/Umbelopsis_autotrophica_MPI-SW4-AT-0611.contigs.fasta
Embellisia_chlamydospora_MPI-FR1-AT-0336	data/CAMISIM_run/platanthera_mock/genomes/source_genomes/Embellisia_chlamydospora_MPI-FR1-AT-0336.contigs.fasta
Fusarium_oxysporum_MPI-PUGE-AT-0057	data/CAMISIM_run/platanthera_mock/genomes/source_genomes/Fusarium_oxysporum_MPI-PUGE-AT-0057.contigs.fasta
Phialocephala_fortinii_MPI-SW4-AT-0551	data/CAMISIM_run/platanthera_mock/genomes/source_genomes/Phialocephala_fortinii_MPI-SW4-AT-0551.contigs.fasta
Phaeosphaeria_eustoma_MPI-FR1-AT-0339	data/CAMISIM_run/platanthera_mock/genomes/source_genomes/Phaeosphaeria_eustoma_MPI-FR1-AT-0339.contigs.fasta
Penicillium_restrictum_MPI-SP2-AT-0405	data/CAMISIM_run/platanthera_mock/genomes/source_genomes/Penicillium_restrictum_MPI-SP2-AT-0405.contigs.fasta
Truncatella_angustata_MPI-SW4-AT-0541	data/CAMISIM_run/platanthera_mock/genomes/source_genomes/Truncatella_angustata_MPI-SW4-AT-0541.contigs.fasta
Fusarium_oxysporum_MPI-SP2-AT-0407	data/CAMISIM_run/platanthera_mock/genomes/source_genomes/Fusarium_oxysporum_MPI-SP2-AT-0407.contigs.fasta
Macrophomina_phaseolina_MPI-FR1-AT-0330	data/CAMISIM_run/platanthera_mock/genomes/source_genomes/Macrophomina_phaseolina_MPI-FR1-AT-0330.contigs.fasta
Rhizopycnis_vagum_MPI-FR1-AT-0346	data/CAMISIM_run/platanthera_mock/genomes/source_genomes/Rhizopycnis_vagum_MPI-FR1-AT-0346.contigs.fasta
Phaeosphaeria_eustoma_MPI-SP2-AT-0401	data/CAMISIM_run/platanthera_mock/genomes/source_genomes/Phaeosphaeria_eustoma_MPI-SP2-AT-0401.contigs.fasta
Sporobolomyces_sasicola_MPI-IT2-AT-0310	data/CAMISIM_run/platanthera_mock/genomes/source_genomes/Sporobolomyces_sasicola_MPI-IT2-AT-0310.contigs.fasta
Paraphoma_chrysanthemicola_MPI-SDFR-AT-0093	data/CAMISIM_run/platanthera_mock/genomes/source_genomes/Paraphoma_chrysanthemicola_MPI-SDFR-AT-0093.contigs.fasta
Plectosphaerella_cucumerina_MPI-SP2-AT-0455	data/CAMISIM_run/platanthera_mock/genomes/source_genomes/Plectosphaerella_cucumerina_MPI-SP2-AT-0455.contigs.fasta
Neonectria_radicicola_MPI-CAGE-CH-0236	data/CAMISIM_run/platanthera_mock/genomes/source_genomes/Neonectria_radicicola_MPI-CAGE-CH-0236.contigs.fasta
Cryptosporiopsis_ericae_MPI-SW4-AT-0549	data/CAMISIM_run/platanthera_mock/genomes/source_genomes/Cryptosporiopsis_ericae_MPI-SW4-AT-0549.contigs.fasta
Leptodontidium_orchidicola_MPI-SW4-AT-0643	data/CAMISIM_run/platanthera_mock/genomes/source_genomes/Leptodontidium_orchidicola_MPI-SW4-AT-0643.contigs.fasta
Myrothecium_cinctum_MPI-SP2-AT-0408	data/CAMISIM_run/platanthera_mock/genomes/source_genomes/Myrothecium_cinctum_MPI-SP2-AT-0408.contigs.fasta
Macrophomina_phaseolina_MPI-SDFR-AT-0085	data/CAMISIM_run/platanthera_mock/genomes/source_genomes/Macrophomina_phaseolina_MPI-SDFR-AT-0085.contigs.fasta
Ilyonectria_macrodidyma_MPI-GEGE-AT-0033	data/CAMISIM_run/platanthera_mock/genomes/source_genomes/Ilyonectria_macrodidyma_MPI-GEGE-AT-0033.contigs.fasta
Fusarium_falciforme_MPI-IT2-AT-0322	data/CAMISIM_run/platanthera_mock/genomes/source_genomes/Fusarium_falciforme_MPI-IT2-AT-0322.contigs.fasta
Hypocrea_atroviridis_MPI-SP2-AT-0434	data/CAMISIM_run/platanthera_mock/genomes/source_genomes/Hypocrea_atroviridis_MPI-SP2-AT-0434.contigs.fasta
Fusarium_equiseti_MPI-CAGE-CH-0233	data/CAMISIM_run/platanthera_mock/genomes/source_genomes/Fusarium_equiseti_MPI-CAGE-CH-0233.contigs.fasta
Phoma_exigua_MPI-PUGE-AT-0052	data/CAMISIM_run/platanthera_mock/genomes/source_genomes/Phoma_exigua_MPI-PUGE-AT-0052.contigs.fasta
Sarocladium_strictum_MPI-SWE4-AT-0554	data/CAMISIM_run/platanthera_mock/genomes/source_genomes/Sarocladium_strictum_MPI-SWE4-AT-0554.contigs.fasta
Fusarium_torulosum_MPI-SDFR-AT-0089	data/CAMISIM_run/platanthera_mock/genomes/source_genomes/Fusarium_torulosum_MPI-SDFR-AT-0089.contigs.fasta
Paraphoma_chrysanthemicola_MPI-SDFR-AT-0118	data/CAMISIM_run/platanthera_mock/genomes/source_genomes/Paraphoma_chrysanthemicola_MPI-SDFR-AT-0118.contigs.fasta
Plectosphaerella_cucumerina_MPI-FR1-AT-0340	data/CAMISIM_run/platanthera_mock/genomes/source_genomes/Plectosphaerella_cucumerina_MPI-FR1-AT-0340.contigs.fasta
Embellisia_chlamydospora_MPI-SP2-AT-0402	data/CAMISIM_run/platanthera_mock/genomes/source_genomes/Embellisia_chlamydospora_MPI-SP2-AT-0402.contigs.fasta
Plectosphaerella_cucumerina_MPI-SP2-AT-0421	data/CAMISIM_run/platanthera_mock/genomes/source_genomes/Plectosphaerella_cucumerina_MPI-SP2-AT-0421.contigs.fasta
Fusarium_falciforme_MPI-FR1-AT-0333	data/CAMISIM_run/platanthera_mock/genomes/source_genomes/Fusarium_falciforme_MPI-FR1-AT-0333.contigs.fasta
Phomopsis_columnaris_MPI-SW4-AT-0540	data/CAMISIM_run/platanthera_mock/genomes/source_genomes/Phomopsis_columnaris_MPI-SW4-AT-0540.contigs.fasta
Ceratobasidium_sp_CerAGI	data/CAMISIM_run/platanthera_mock/genomes/source_genomes/Ceratobasidium_sp_CerAGI.fasta
Rhizoctonia_solani_Rhisola1	data/CAMISIM_run/platanthera_mock/genomes/source_genomes/Rhizoctonia_solani_Rhisola1.fasta
Tulasnella_calospora_Tulcal1	data/CAMISIM_run/platanthera_mock/genomes/source_genomes/Tulasnella_calospora_Tulcal1.fasta
Platanthera_zijinensis_chr		data/CAMISIM_run/platanthera_mock/genomes/source_genomes/Platanthera_zijinensis_chr.fasta
RNODE_416_length_1581_cov_3.82938	data/CAMISIM_run/platanthera_mock/genomes/source_genomes/RNODE_416_length_1581_cov_3.82938.fasta
RNODE_217_length_2598_cov_4.83502	data/CAMISIM_run/platanthera_mock/genomes/source_genomes/RNODE_217_length_2598_cov_4.83502.fasta
RNODE_138_length_6510_cov_13.48012	data/CAMISIM_run/platanthera_mock/genomes/source_genomes/RNODE_138_length_6510_cov_13.48012.fasta
RNODE_325_length_1939_cov_27.67762	data/CAMISIM_run/platanthera_mock/genomes/source_genomes/RNODE_325_length_1939_cov_27.67762.fasta
RNODE_124_length_1415_cov_2.71141	data/CAMISIM_run/platanthera_mock/genomes/source_genomes/RNODE_124_length_1415_cov_2.71141.fasta
RNODE_369_length_4633_cov_7.61375	data/CAMISIM_run/platanthera_mock/genomes/source_genomes/RNODE_369_length_4633_cov_7.61375.fasta
RNODE_317_length_2062_cov_4.66471	data/CAMISIM_run/platanthera_mock/genomes/source_genomes/RNODE_317_length_2062_cov_4.66471.fasta
RNODE_76_length_3393_cov_4.30851	data/CAMISIM_run/platanthera_mock/genomes/source_genomes/RNODE_76_length_3393_cov_4.30851.fasta
RNODE_548_length_4577_cov_9.61395	data/CAMISIM_run/platanthera_mock/genomes/source_genomes/RNODE_548_length_4577_cov_9.61395.fasta
RNODE_375_length_2518_cov_4.10497	data/CAMISIM_run/platanthera_mock/genomes/source_genomes/RNODE_375_length_2518_cov_4.10497.fasta
RNODE_347_length_5424_cov_5.89171	data/CAMISIM_run/platanthera_mock/genomes/source_genomes/RNODE_347_length_5424_cov_5.89171.fasta
RNODE_296_length_1799_cov_6.54699	data/CAMISIM_run/platanthera_mock/genomes/source_genomes/RNODE_296_length_1799_cov_6.54699.fasta
RNODE_196_length_1935_cov_38.48772	data/CAMISIM_run/platanthera_mock/genomes/source_genomes/RNODE_196_length_1935_cov_38.48772.fasta
RNODE_286_length_1588_cov_4.62324	data/CAMISIM_run/platanthera_mock/genomes/source_genomes/RNODE_286_length_1588_cov_4.62324.fasta
RNODE_264_length_2217_cov_3.64237	data/CAMISIM_run/platanthera_mock/genomes/source_genomes/RNODE_264_length_2217_cov_3.64237.fasta
RNODE_577_length_7056_cov_38.11425	data/CAMISIM_run/platanthera_mock/genomes/source_genomes/RNODE_577_length_7056_cov_38.11425.fasta
RNODE_570_length_2044_cov_6.96707	data/CAMISIM_run/platanthera_mock/genomes/source_genomes/RNODE_570_length_2044_cov_6.96707.fasta
RNODE_488_length_20029_cov_34.82594	data/CAMISIM_run/platanthera_mock/genomes/source_genomes/RNODE_488_length_20029_cov_34.82594.fasta
RNODE_71_length_2272_cov_3.05244	data/CAMISIM_run/platanthera_mock/genomes/source_genomes/RNODE_71_length_2272_cov_3.05244.fasta
RNODE_198_length_2135_cov_8.85376	data/CAMISIM_run/platanthera_mock/genomes/source_genomes/RNODE_198_length_2135_cov_8.85376.fasta
RNODE_477_length_5419_cov_20.61131	data/CAMISIM_run/platanthera_mock/genomes/source_genomes/RNODE_477_length_5419_cov_20.61131.fasta
RNODE_247_length_8256_cov_14.85123	data/CAMISIM_run/platanthera_mock/genomes/source_genomes/RNODE_247_length_8256_cov_14.85123.fasta
RNODE_260_length_1690_cov_3.39508	data/CAMISIM_run/platanthera_mock/genomes/source_genomes/RNODE_260_length_1690_cov_3.39508.fasta
RNODE_28_length_2156_cov_6.27835	data/CAMISIM_run/platanthera_mock/genomes/source_genomes/RNODE_28_length_2156_cov_6.27835.fasta
RNODE_34_length_5214_cov_5.85112	data/CAMISIM_run/platanthera_mock/genomes/source_genomes/RNODE_34_length_5214_cov_5.85112.fasta
RNODE_85_length_1577_cov_8.00900	data/CAMISIM_run/platanthera_mock/genomes/source_genomes/RNODE_85_length_1577_cov_8.00900.fasta
RNODE_529_length_1514_cov_4.48325	data/CAMISIM_run/platanthera_mock/genomes/source_genomes/RNODE_529_length_1514_cov_4.48325.fasta
RNODE_275_length_3412_cov_8.48584	data/CAMISIM_run/platanthera_mock/genomes/source_genomes/RNODE_275_length_3412_cov_8.48584.fasta
RNODE_412_length_3243_cov_51.13691	data/CAMISIM_run/platanthera_mock/genomes/source_genomes/RNODE_412_length_3243_cov_51.13691.fasta
RNODE_83_length_6134_cov_3.71057	data/CAMISIM_run/platanthera_mock/genomes/source_genomes/RNODE_83_length_6134_cov_3.71057.fasta
RNODE_373_length_1497_cov_5.24000	data/CAMISIM_run/platanthera_mock/genomes/source_genomes/RNODE_373_length_1497_cov_5.24000.fasta
RNODE_144_length_2325_cov_4.38472	data/CAMISIM_run/platanthera_mock/genomes/source_genomes/RNODE_144_length_2325_cov_4.38472.fasta
RNODE_575_length_2552_cov_5.49684	data/CAMISIM_run/platanthera_mock/genomes/source_genomes/RNODE_575_length_2552_cov_5.49684.fasta
RNODE_433_length_2054_cov_26.46352	data/CAMISIM_run/platanthera_mock/genomes/source_genomes/RNODE_433_length_2054_cov_26.46352.fasta
RNODE_295_length_10931_cov_11.99890	data/CAMISIM_run/platanthera_mock/genomes/source_genomes/RNODE_295_length_10931_cov_11.99890.fasta
RNODE_140_length_2497_cov_5.86303	data/CAMISIM_run/platanthera_mock/genomes/source_genomes/RNODE_140_length_2497_cov_5.86303.fasta
RNODE_499_length_5376_cov_7.50141	data/CAMISIM_run/platanthera_mock/genomes/source_genomes/RNODE_499_length_5376_cov_7.50141.fasta
RNODE_130_length_2230_cov_8.22328	data/CAMISIM_run/platanthera_mock/genomes/source_genomes/RNODE_130_length_2230_cov_8.22328.fasta
RNODE_299_length_1525_cov_5.32402	data/CAMISIM_run/platanthera_mock/genomes/source_genomes/RNODE_299_length_1525_cov_5.32402.fasta
RNODE_86_length_2125_cov_11.11507	data/CAMISIM_run/platanthera_mock/genomes/source_genomes/RNODE_86_length_2125_cov_11.11507.fasta
RNODE_164_length_3484_cov_4.58781	data/CAMISIM_run/platanthera_mock/genomes/source_genomes/RNODE_164_length_3484_cov_4.58781.fasta
RNODE_188_length_3578_cov_152.10292	data/CAMISIM_run/platanthera_mock/genomes/source_genomes/RNODE_188_length_3578_cov_152.10292.fasta
RNODE_160_length_1746_cov_3.90255	data/CAMISIM_run/platanthera_mock/genomes/source_genomes/RNODE_160_length_1746_cov_3.90255.fasta
RNODE_226_length_3315_cov_75.69511	data/CAMISIM_run/platanthera_mock/genomes/source_genomes/RNODE_226_length_3315_cov_75.69511.fasta
RNODE_486_length_2116_cov_5.68150	data/CAMISIM_run/platanthera_mock/genomes/source_genomes/RNODE_486_length_2116_cov_5.68150.fasta
RNODE_223_length_2107_cov_5.74724	data/CAMISIM_run/platanthera_mock/genomes/source_genomes/RNODE_223_length_2107_cov_5.74724.fasta
RNODE_45_length_2213_cov_3.74441	data/CAMISIM_run/platanthera_mock/genomes/source_genomes/RNODE_45_length_2213_cov_3.74441.fasta
RNODE_145_length_1547_cov_6.91082	data/CAMISIM_run/platanthera_mock/genomes/source_genomes/RNODE_145_length_1547_cov_6.91082.fasta
RNODE_99_length_1369_cov_5.25687	data/CAMISIM_run/platanthera_mock/genomes/source_genomes/RNODE_99_length_1369_cov_5.25687.fasta
RNODE_216_length_15421_cov_6.49724	data/CAMISIM_run/platanthera_mock/genomes/source_genomes/RNODE_216_length_15421_cov_6.49724.fasta
RNODE_406_length_2395_cov_90.64012	data/CAMISIM_run/platanthera_mock/genomes/source_genomes/RNODE_406_length_2395_cov_90.64012.fasta
RNODE_572_length_1964_cov_10.71878	data/CAMISIM_run/platanthera_mock/genomes/source_genomes/RNODE_572_length_1964_cov_10.71878.fasta
RNODE_514_length_7618_cov_5.62957	data/CAMISIM_run/platanthera_mock/genomes/source_genomes/RNODE_514_length_7618_cov_5.62957.fasta
RNODE_292_length_1675_cov_7.61464	data/CAMISIM_run/platanthera_mock/genomes/source_genomes/RNODE_292_length_1675_cov_7.61464.fasta
RNODE_352_length_10296_cov_22.51324	data/CAMISIM_run/platanthera_mock/genomes/source_genomes/RNODE_352_length_10296_cov_22.51324.fasta
RNODE_167_length_15660_cov_7.41802	data/CAMISIM_run/platanthera_mock/genomes/source_genomes/RNODE_167_length_15660_cov_7.41802.fasta
RNODE_23_length_1998_cov_572.28391	data/CAMISIM_run/platanthera_mock/genomes/source_genomes/RNODE_23_length_1998_cov_572.28391.fasta
RNODE_344_length_2191_cov_2.64592	data/CAMISIM_run/platanthera_mock/genomes/source_genomes/RNODE_344_length_2191_cov_2.64592.fasta
RNODE_482_length_12608_cov_5.40546	data/CAMISIM_run/platanthera_mock/genomes/source_genomes/RNODE_482_length_12608_cov_5.40546.fasta
RNODE_579_length_8791_cov_4.68076	data/CAMISIM_run/platanthera_mock/genomes/source_genomes/RNODE_579_length_8791_cov_4.68076.fasta
RNODE_599_length_1516_cov_6.51991	data/CAMISIM_run/platanthera_mock/genomes/source_genomes/RNODE_599_length_1516_cov_6.51991.fasta
RNODE_458_length_1682_cov_17.95957	data/CAMISIM_run/platanthera_mock/genomes/source_genomes/RNODE_458_length_1682_cov_17.95957.fasta
RNODE_519_length_4527_cov_27.40475	data/CAMISIM_run/platanthera_mock/genomes/source_genomes/RNODE_519_length_4527_cov_27.40475.fasta
RNODE_353_length_1966_cov_4.24691	data/CAMISIM_run/platanthera_mock/genomes/source_genomes/RNODE_353_length_1966_cov_4.24691.fasta
RNODE_552_length_2139_cov_25.28849	data/CAMISIM_run/platanthera_mock/genomes/source_genomes/RNODE_552_length_2139_cov_25.28849.fasta
RNODE_75_length_1697_cov_2.91164	data/CAMISIM_run/platanthera_mock/genomes/source_genomes/RNODE_75_length_1697_cov_2.91164.fasta
RNODE_174_length_2429_cov_2.88035	data/CAMISIM_run/platanthera_mock/genomes/source_genomes/RNODE_174_length_2429_cov_2.88035.fasta
RNODE_517_length_2527_cov_12.78156	data/CAMISIM_run/platanthera_mock/genomes/source_genomes/RNODE_517_length_2527_cov_12.78156.fasta
RNODE_316_length_1479_cov_156.07138	data/CAMISIM_run/platanthera_mock/genomes/source_genomes/RNODE_316_length_1479_cov_156.07138.fasta
RNODE_47_length_2124_cov_4.45100	data/CAMISIM_run/platanthera_mock/genomes/source_genomes/RNODE_47_length_2124_cov_4.45100.fasta
RNODE_112_length_5666_cov_6.47909	data/CAMISIM_run/platanthera_mock/genomes/source_genomes/RNODE_112_length_5666_cov_6.47909.fasta
RNODE_221_length_2696_cov_7.95138	data/CAMISIM_run/platanthera_mock/genomes/source_genomes/RNODE_221_length_2696_cov_7.95138.fasta
RNODE_306_length_4235_cov_12.16734	data/CAMISIM_run/platanthera_mock/genomes/source_genomes/RNODE_306_length_4235_cov_12.16734.fasta
RNODE_297_length_1810_cov_21.16499	data/CAMISIM_run/platanthera_mock/genomes/source_genomes/RNODE_297_length_1810_cov_21.16499.fasta
RNODE_178_length_3618_cov_3.32119	data/CAMISIM_run/platanthera_mock/genomes/source_genomes/RNODE_178_length_3618_cov_3.32119.fasta
RNODE_257_length_1602_cov_16.93671	data/CAMISIM_run/platanthera_mock/genomes/source_genomes/RNODE_257_length_1602_cov_16.93671.fasta
RNODE_507_length_1987_cov_46.05898	data/CAMISIM_run/platanthera_mock/genomes/source_genomes/RNODE_507_length_1987_cov_46.05898.fasta
RNODE_103_length_2852_cov_4.11378	data/CAMISIM_run/platanthera_mock/genomes/source_genomes/RNODE_103_length_2852_cov_4.11378.fasta
RNODE_238_length_3219_cov_2.87332	data/CAMISIM_run/platanthera_mock/genomes/source_genomes/RNODE_238_length_3219_cov_2.87332.fasta
RNODE_446_length_1542_cov_16.88168	data/CAMISIM_run/platanthera_mock/genomes/source_genomes/RNODE_446_length_1542_cov_16.88168.fasta
RNODE_403_length_4059_cov_880.62621	data/CAMISIM_run/platanthera_mock/genomes/source_genomes/RNODE_403_length_4059_cov_880.62621.fasta
RNODE_419_length_1879_cov_8.64082	data/CAMISIM_run/platanthera_mock/genomes/source_genomes/RNODE_419_length_1879_cov_8.64082.fasta
RNODE_63_length_9116_cov_7.17902	data/CAMISIM_run/platanthera_mock/genomes/source_genomes/RNODE_63_length_9116_cov_7.17902.fasta
RNODE_363_length_5653_cov_18.32623	data/CAMISIM_run/platanthera_mock/genomes/source_genomes/RNODE_363_length_5653_cov_18.32623.fasta
RNODE_379_length_1435_cov_1.62350	data/CAMISIM_run/platanthera_mock/genomes/source_genomes/RNODE_379_length_1435_cov_1.62350.fasta
RNODE_377_length_2313_cov_34.45308	data/CAMISIM_run/platanthera_mock/genomes/source_genomes/RNODE_377_length_2313_cov_34.45308.fasta
RNODE_480_length_1461_cov_9.87912	data/CAMISIM_run/platanthera_mock/genomes/source_genomes/RNODE_480_length_1461_cov_9.87912.fasta
RNODE_161_length_2494_cov_2.64806	data/CAMISIM_run/platanthera_mock/genomes/source_genomes/RNODE_161_length_2494_cov_2.64806.fasta
RNODE_185_length_1556_cov_2.93481	data/CAMISIM_run/platanthera_mock/genomes/source_genomes/RNODE_185_length_1556_cov_2.93481.fasta
RNODE_77_length_2624_cov_7.14989	data/CAMISIM_run/platanthera_mock/genomes/source_genomes/RNODE_77_length_2624_cov_7.14989.fasta
RNODE_284_length_8760_cov_7.25395	data/CAMISIM_run/platanthera_mock/genomes/source_genomes/RNODE_284_length_8760_cov_7.25395.fasta
RNODE_430_length_8758_cov_13.30595	data/CAMISIM_run/platanthera_mock/genomes/source_genomes/RNODE_430_length_8758_cov_13.30595.fasta
RNODE_236_length_2297_cov_5.75912	data/CAMISIM_run/platanthera_mock/genomes/source_genomes/RNODE_236_length_2297_cov_5.75912.fasta
RNODE_586_length_6115_cov_7.69537	data/CAMISIM_run/platanthera_mock/genomes/source_genomes/RNODE_586_length_6115_cov_7.69537.fasta
RNODE_450_length_11970_cov_105.70786	data/CAMISIM_run/platanthera_mock/genomes/source_genomes/RNODE_450_length_11970_cov_105.70786.fasta
RNODE_595_length_1522_cov_10.57355	data/CAMISIM_run/platanthera_mock/genomes/source_genomes/RNODE_595_length_1522_cov_10.57355.fasta
RNODE_96_length_2623_cov_16.26144	data/CAMISIM_run/platanthera_mock/genomes/source_genomes/RNODE_96_length_2623_cov_16.26144.fasta
RNODE_210_length_2651_cov_13.95131	data/CAMISIM_run/platanthera_mock/genomes/source_genomes/RNODE_210_length_2651_cov_13.95131.fasta
RNODE_578_length_7436_cov_10.94682	data/CAMISIM_run/platanthera_mock/genomes/source_genomes/RNODE_578_length_7436_cov_10.94682.fasta
RNODE_162_length_1832_cov_1.88784	data/CAMISIM_run/platanthera_mock/genomes/source_genomes/RNODE_162_length_1832_cov_1.88784.fasta
RNODE_253_length_4934_cov_14.39047	data/CAMISIM_run/platanthera_mock/genomes/source_genomes/RNODE_253_length_4934_cov_14.39047.fasta
RNODE_237_length_4009_cov_52.34788	data/CAMISIM_run/platanthera_mock/genomes/source_genomes/RNODE_237_length_4009_cov_52.34788.fasta
RNODE_385_length_2039_cov_10.22707	data/CAMISIM_run/platanthera_mock/genomes/source_genomes/RNODE_385_length_2039_cov_10.22707.fasta
RNODE_4_length_1367_cov_2.97100	data/CAMISIM_run/platanthera_mock/genomes/source_genomes/RNODE_4_length_1367_cov_2.97100.fasta
RNODE_351_length_2392_cov_6.50928	data/CAMISIM_run/platanthera_mock/genomes/source_genomes/RNODE_351_length_2392_cov_6.50928.fasta
RNODE_580_length_4156_cov_8.38751	data/CAMISIM_run/platanthera_mock/genomes/source_genomes/RNODE_580_length_4156_cov_8.38751.fasta
RNODE_391_length_2002_cov_3.45556	data/CAMISIM_run/platanthera_mock/genomes/source_genomes/RNODE_391_length_2002_cov_3.45556.fasta
RNODE_457_length_1464_cov_36.37055	data/CAMISIM_run/platanthera_mock/genomes/source_genomes/RNODE_457_length_1464_cov_36.37055.fasta
RNODE_427_length_9830_cov_4.30470	data/CAMISIM_run/platanthera_mock/genomes/source_genomes/RNODE_427_length_9830_cov_4.30470.fasta
RNODE_508_length_1879_cov_11.34540	data/CAMISIM_run/platanthera_mock/genomes/source_genomes/RNODE_508_length_1879_cov_11.34540.fasta
RNODE_593_length_8426_cov_4.28144	data/CAMISIM_run/platanthera_mock/genomes/source_genomes/RNODE_593_length_8426_cov_4.28144.fasta
RNODE_333_length_29512_cov_5.09183	data/CAMISIM_run/platanthera_mock/genomes/source_genomes/RNODE_333_length_29512_cov_5.09183.fasta
RNODE_211_length_1756_cov_5.39677	data/CAMISIM_run/platanthera_mock/genomes/source_genomes/RNODE_211_length_1756_cov_5.39677.fasta
RNODE_204_length_1584_cov_1.63444	data/CAMISIM_run/platanthera_mock/genomes/source_genomes/RNODE_204_length_1584_cov_1.63444.fasta
RNODE_484_length_2351_cov_3.78450	data/CAMISIM_run/platanthera_mock/genomes/source_genomes/RNODE_484_length_2351_cov_3.78450.fasta
RNODE_143_length_3260_cov_5.42156	data/CAMISIM_run/platanthera_mock/genomes/source_genomes/RNODE_143_length_3260_cov_5.42156.fasta
RNODE_506_length_4092_cov_6.23826	data/CAMISIM_run/platanthera_mock/genomes/source_genomes/RNODE_506_length_4092_cov_6.23826.fasta
RNODE_219_length_1344_cov_3.84720	data/CAMISIM_run/platanthera_mock/genomes/source_genomes/RNODE_219_length_1344_cov_3.84720.fasta
RNODE_88_length_5256_cov_29.93752	data/CAMISIM_run/platanthera_mock/genomes/source_genomes/RNODE_88_length_5256_cov_29.93752.fasta
RNODE_558_length_8065_cov_7.29220	data/CAMISIM_run/platanthera_mock/genomes/source_genomes/RNODE_558_length_8065_cov_7.29220.fasta
RNODE_181_length_5163_cov_13.91578	data/CAMISIM_run/platanthera_mock/genomes/source_genomes/RNODE_181_length_5163_cov_13.91578.fasta
RNODE_590_length_2199_cov_166.16738	data/CAMISIM_run/platanthera_mock/genomes/source_genomes/RNODE_590_length_2199_cov_166.16738.fasta
RNODE_242_length_3657_cov_7.66465	data/CAMISIM_run/platanthera_mock/genomes/source_genomes/RNODE_242_length_3657_cov_7.66465.fasta
RNODE_52_length_1655_cov_3.75934	data/CAMISIM_run/platanthera_mock/genomes/source_genomes/RNODE_52_length_1655_cov_3.75934.fasta
RNODE_95_length_4335_cov_11.95711	data/CAMISIM_run/platanthera_mock/genomes/source_genomes/RNODE_95_length_4335_cov_11.95711.fasta
RNODE_281_length_3634_cov_4.76523	data/CAMISIM_run/platanthera_mock/genomes/source_genomes/RNODE_281_length_3634_cov_4.76523.fasta
RNODE_289_length_4454_cov_4.54626	data/CAMISIM_run/platanthera_mock/genomes/source_genomes/RNODE_289_length_4454_cov_4.54626.fasta
RNODE_504_length_4144_cov_7.77525	data/CAMISIM_run/platanthera_mock/genomes/source_genomes/RNODE_504_length_4144_cov_7.77525.fasta
RNODE_387_length_2321_cov_4.37973	data/CAMISIM_run/platanthera_mock/genomes/source_genomes/RNODE_387_length_2321_cov_4.37973.fasta
RNODE_2_length_1508_cov_3.94751	data/CAMISIM_run/platanthera_mock/genomes/source_genomes/RNODE_2_length_1508_cov_3.94751.fasta
RNODE_549_length_12275_cov_6.55509	data/CAMISIM_run/platanthera_mock/genomes/source_genomes/RNODE_549_length_12275_cov_6.55509.fasta
RNODE_424_length_1604_cov_9.07185	data/CAMISIM_run/platanthera_mock/genomes/source_genomes/RNODE_424_length_1604_cov_9.07185.fasta
RNODE_328_length_1676_cov_7.54655	data/CAMISIM_run/platanthera_mock/genomes/source_genomes/RNODE_328_length_1676_cov_7.54655.fasta
RNODE_501_length_1656_cov_38.89942	data/CAMISIM_run/platanthera_mock/genomes/source_genomes/RNODE_501_length_1656_cov_38.89942.fasta
RNODE_348_length_2291_cov_3.76025	data/CAMISIM_run/platanthera_mock/genomes/source_genomes/RNODE_348_length_2291_cov_3.76025.fasta
RNODE_448_length_1719_cov_7.88578	data/CAMISIM_run/platanthera_mock/genomes/source_genomes/RNODE_448_length_1719_cov_7.88578.fasta
RNODE_319_length_1321_cov_2.32409	data/CAMISIM_run/platanthera_mock/genomes/source_genomes/RNODE_319_length_1321_cov_2.32409.fasta
RNODE_437_length_3085_cov_98.66641	data/CAMISIM_run/platanthera_mock/genomes/source_genomes/RNODE_437_length_3085_cov_98.66641.fasta
RNODE_6_length_1955_cov_9.45784	data/CAMISIM_run/platanthera_mock/genomes/source_genomes/RNODE_6_length_1955_cov_9.45784.fasta
RNODE_472_length_3177_cov_4.87929	data/CAMISIM_run/platanthera_mock/genomes/source_genomes/RNODE_472_length_3177_cov_4.87929.fasta
RNODE_490_length_2089_cov_29.26998	data/CAMISIM_run/platanthera_mock/genomes/source_genomes/RNODE_490_length_2089_cov_29.26998.fasta
RNODE_301_length_8746_cov_4.36474	data/CAMISIM_run/platanthera_mock/genomes/source_genomes/RNODE_301_length_8746_cov_4.36474.fasta
RNODE_182_length_2608_cov_41.99343	data/CAMISIM_run/platanthera_mock/genomes/source_genomes/RNODE_182_length_2608_cov_41.99343.fasta
RNODE_119_length_2367_cov_7.70704	data/CAMISIM_run/platanthera_mock/genomes/source_genomes/RNODE_119_length_2367_cov_7.70704.fasta
RNODE_397_length_1629_cov_18.92533	data/CAMISIM_run/platanthera_mock/genomes/source_genomes/RNODE_397_length_1629_cov_18.92533.fasta
RNODE_312_length_1648_cov_2.63653	data/CAMISIM_run/platanthera_mock/genomes/source_genomes/RNODE_312_length_1648_cov_2.63653.fasta
RNODE_69_length_2867_cov_5.28717	data/CAMISIM_run/platanthera_mock/genomes/source_genomes/RNODE_69_length_2867_cov_5.28717.fasta
RNODE_597_length_13838_cov_20.78765	data/CAMISIM_run/platanthera_mock/genomes/source_genomes/RNODE_597_length_13838_cov_20.78765.fasta
RNODE_104_length_5057_cov_12.80755	data/CAMISIM_run/platanthera_mock/genomes/source_genomes/RNODE_104_length_5057_cov_12.80755.fasta
RNODE_520_length_3075_cov_27.97119	data/CAMISIM_run/platanthera_mock/genomes/source_genomes/RNODE_520_length_3075_cov_27.97119.fasta
RNODE_538_length_1336_cov_10.45341	data/CAMISIM_run/platanthera_mock/genomes/source_genomes/RNODE_538_length_1336_cov_10.45341.fasta
RNODE_72_length_2497_cov_7.54950	data/CAMISIM_run/platanthera_mock/genomes/source_genomes/RNODE_72_length_2497_cov_7.54950.fasta
RNODE_380_length_3873_cov_34.07037	data/CAMISIM_run/platanthera_mock/genomes/source_genomes/RNODE_380_length_3873_cov_34.07037.fasta
RNODE_330_length_1588_cov_2.46424	data/CAMISIM_run/platanthera_mock/genomes/source_genomes/RNODE_330_length_1588_cov_2.46424.fasta
RNODE_268_length_9216_cov_4.69600	data/CAMISIM_run/platanthera_mock/genomes/source_genomes/RNODE_268_length_9216_cov_4.69600.fasta
RNODE_163_length_2924_cov_26.52619	data/CAMISIM_run/platanthera_mock/genomes/source_genomes/RNODE_163_length_2924_cov_26.52619.fasta
RNODE_298_length_4113_cov_5.23857	data/CAMISIM_run/platanthera_mock/genomes/source_genomes/RNODE_298_length_4113_cov_5.23857.fasta
RNODE_304_length_2403_cov_7.18396	data/CAMISIM_run/platanthera_mock/genomes/source_genomes/RNODE_304_length_2403_cov_7.18396.fasta
RNODE_213_length_2939_cov_7.79705	data/CAMISIM_run/platanthera_mock/genomes/source_genomes/RNODE_213_length_2939_cov_7.79705.fasta
RNODE_550_length_2556_cov_54.05540	data/CAMISIM_run/platanthera_mock/genomes/source_genomes/RNODE_550_length_2556_cov_54.05540.fasta
RNODE_151_length_1644_cov_3.51048	data/CAMISIM_run/platanthera_mock/genomes/source_genomes/RNODE_151_length_1644_cov_3.51048.fasta
RNODE_7_length_4555_cov_11.97220	data/CAMISIM_run/platanthera_mock/genomes/source_genomes/RNODE_7_length_4555_cov_11.97220.fasta
RNODE_500_length_1680_cov_27.45896	data/CAMISIM_run/platanthera_mock/genomes/source_genomes/RNODE_500_length_1680_cov_27.45896.fasta
RNODE_300_length_4019_cov_4.97498	data/CAMISIM_run/platanthera_mock/genomes/source_genomes/RNODE_300_length_4019_cov_4.97498.fasta
RNODE_208_length_1614_cov_5.26633	data/CAMISIM_run/platanthera_mock/genomes/source_genomes/RNODE_208_length_1614_cov_5.26633.fasta
RNODE_378_length_1492_cov_8.56599	data/CAMISIM_run/platanthera_mock/genomes/source_genomes/RNODE_378_length_1492_cov_8.56599.fasta
RNODE_495_length_2750_cov_9.86766	data/CAMISIM_run/platanthera_mock/genomes/source_genomes/RNODE_495_length_2750_cov_9.86766.fasta
RNODE_327_length_1948_cov_35.31308	data/CAMISIM_run/platanthera_mock/genomes/source_genomes/RNODE_327_length_1948_cov_35.31308.fasta
RNODE_271_length_3998_cov_11.67404	data/CAMISIM_run/platanthera_mock/genomes/source_genomes/RNODE_271_length_3998_cov_11.67404.fasta
RNODE_222_length_1915_cov_3.09562	data/CAMISIM_run/platanthera_mock/genomes/source_genomes/RNODE_222_length_1915_cov_3.09562.fasta
RNODE_255_length_1540_cov_6.64690	data/CAMISIM_run/platanthera_mock/genomes/source_genomes/RNODE_255_length_1540_cov_6.64690.fasta
RNODE_414_length_1523_cov_18.59893	data/CAMISIM_run/platanthera_mock/genomes/source_genomes/RNODE_414_length_1523_cov_18.59893.fasta
RNODE_331_length_2739_cov_8.16194	data/CAMISIM_run/platanthera_mock/genomes/source_genomes/RNODE_331_length_2739_cov_8.16194.fasta
RNODE_201_length_2438_cov_4.66846	data/CAMISIM_run/platanthera_mock/genomes/source_genomes/RNODE_201_length_2438_cov_4.66846.fasta
RNODE_389_length_1545_cov_18.59160	data/CAMISIM_run/platanthera_mock/genomes/source_genomes/RNODE_389_length_1545_cov_18.59160.fasta
RNODE_399_length_2276_cov_6.18101	data/CAMISIM_run/platanthera_mock/genomes/source_genomes/RNODE_399_length_2276_cov_6.18101.fasta
RNODE_176_length_1549_cov_36.55206	data/CAMISIM_run/platanthera_mock/genomes/source_genomes/RNODE_176_length_1549_cov_36.55206.fasta
RNODE_547_length_3725_cov_47.04079	data/CAMISIM_run/platanthera_mock/genomes/source_genomes/RNODE_547_length_3725_cov_47.04079.fasta
RNODE_239_length_2392_cov_75.72363	data/CAMISIM_run/platanthera_mock/genomes/source_genomes/RNODE_239_length_2392_cov_75.72363.fasta
RNODE_492_length_1548_cov_6.84136	data/CAMISIM_run/platanthera_mock/genomes/source_genomes/RNODE_492_length_1548_cov_6.84136.fasta
RNODE_357_length_1732_cov_5.71053	data/CAMISIM_run/platanthera_mock/genomes/source_genomes/RNODE_357_length_1732_cov_5.71053.fasta
RNODE_129_length_1566_cov_26.20790	data/CAMISIM_run/platanthera_mock/genomes/source_genomes/RNODE_129_length_1566_cov_26.20790.fasta
RNODE_453_length_1486_cov_93.02213	data/CAMISIM_run/platanthera_mock/genomes/source_genomes/RNODE_453_length_1486_cov_93.02213.fasta
RNODE_184_length_2456_cov_5.89523	data/CAMISIM_run/platanthera_mock/genomes/source_genomes/RNODE_184_length_2456_cov_5.89523.fasta
RNODE_288_length_3164_cov_59.95449	data/CAMISIM_run/platanthera_mock/genomes/source_genomes/RNODE_288_length_3164_cov_59.95449.fasta
RNODE_152_length_11535_cov_8.34205	data/CAMISIM_run/platanthera_mock/genomes/source_genomes/RNODE_152_length_11535_cov_8.34205.fasta
RNODE_402_length_1846_cov_2.27906	data/CAMISIM_run/platanthera_mock/genomes/source_genomes/RNODE_402_length_1846_cov_2.27906.fasta
RNODE_460_length_2629_cov_18.40010	data/CAMISIM_run/platanthera_mock/genomes/source_genomes/RNODE_460_length_2629_cov_18.40010.fasta
RNODE_598_length_2095_cov_11.12130	data/CAMISIM_run/platanthera_mock/genomes/source_genomes/RNODE_598_length_2095_cov_11.12130.fasta
RNODE_282_length_2526_cov_38.05351	data/CAMISIM_run/platanthera_mock/genomes/source_genomes/RNODE_282_length_2526_cov_38.05351.fasta
RNODE_280_length_5088_cov_4.43328	data/CAMISIM_run/platanthera_mock/genomes/source_genomes/RNODE_280_length_5088_cov_4.43328.fasta
RNODE_358_length_1590_cov_1.68367	data/CAMISIM_run/platanthera_mock/genomes/source_genomes/RNODE_358_length_1590_cov_1.68367.fasta
RNODE_365_length_1432_cov_3.86525	data/CAMISIM_run/platanthera_mock/genomes/source_genomes/RNODE_365_length_1432_cov_3.86525.fasta
RNODE_591_length_3620_cov_70.16410	data/CAMISIM_run/platanthera_mock/genomes/source_genomes/RNODE_591_length_3620_cov_70.16410.fasta
RNODE_261_length_5536_cov_4.10881	data/CAMISIM_run/platanthera_mock/genomes/source_genomes/RNODE_261_length_5536_cov_4.10881.fasta
RNODE_101_length_1372_cov_7.49556	data/CAMISIM_run/platanthera_mock/genomes/source_genomes/RNODE_101_length_1372_cov_7.49556.fasta
RNODE_302_length_1793_cov_4.21739	data/CAMISIM_run/platanthera_mock/genomes/source_genomes/RNODE_302_length_1793_cov_4.21739.fasta
RNODE_426_length_2252_cov_11.50083	data/CAMISIM_run/platanthera_mock/genomes/source_genomes/RNODE_426_length_2252_cov_11.50083.fasta
RNODE_165_length_1669_cov_2.37887	data/CAMISIM_run/platanthera_mock/genomes/source_genomes/RNODE_165_length_1669_cov_2.37887.fasta
RNODE_384_length_4213_cov_12.53305	data/CAMISIM_run/platanthera_mock/genomes/source_genomes/RNODE_384_length_4213_cov_12.53305.fasta
RNODE_555_length_2155_cov_6.40249	data/CAMISIM_run/platanthera_mock/genomes/source_genomes/RNODE_555_length_2155_cov_6.40249.fasta
RNODE_12_length_1515_cov_4.22907	data/CAMISIM_run/platanthera_mock/genomes/source_genomes/RNODE_12_length_1515_cov_4.22907.fasta
RNODE_553_length_2015_cov_11.90704	data/CAMISIM_run/platanthera_mock/genomes/source_genomes/RNODE_553_length_2015_cov_11.90704.fasta
RNODE_195_length_1761_cov_3.04140	data/CAMISIM_run/platanthera_mock/genomes/source_genomes/RNODE_195_length_1761_cov_3.04140.fasta
RNODE_326_length_1765_cov_55.82043	data/CAMISIM_run/platanthera_mock/genomes/source_genomes/RNODE_326_length_1765_cov_55.82043.fasta
RNODE_287_length_2601_cov_28.03218	data/CAMISIM_run/platanthera_mock/genomes/source_genomes/RNODE_287_length_2601_cov_28.03218.fasta
RNODE_3_length_2132_cov_9.73460	data/CAMISIM_run/platanthera_mock/genomes/source_genomes/RNODE_3_length_2132_cov_9.73460.fasta
RNODE_256_length_3265_cov_29.43355	data/CAMISIM_run/platanthera_mock/genomes/source_genomes/RNODE_256_length_3265_cov_29.43355.fasta
RNODE_27_length_9272_cov_4.89762	data/CAMISIM_run/platanthera_mock/genomes/source_genomes/RNODE_27_length_9272_cov_4.89762.fasta
RNODE_274_length_1504_cov_11.90756	data/CAMISIM_run/platanthera_mock/genomes/source_genomes/RNODE_274_length_1504_cov_11.90756.fasta
RNODE_571_length_1509_cov_5.57472	data/CAMISIM_run/platanthera_mock/genomes/source_genomes/RNODE_571_length_1509_cov_5.57472.fasta
RNODE_573_length_3100_cov_6.78384	data/CAMISIM_run/platanthera_mock/genomes/source_genomes/RNODE_573_length_3100_cov_6.78384.fasta
RNODE_594_length_1666_cov_5.29552	data/CAMISIM_run/platanthera_mock/genomes/source_genomes/RNODE_594_length_1666_cov_5.29552.fasta
RNODE_8_length_2730_cov_5.02585	data/CAMISIM_run/platanthera_mock/genomes/source_genomes/RNODE_8_length_2730_cov_5.02585.fasta
RNODE_270_length_5234_cov_7.75671	data/CAMISIM_run/platanthera_mock/genomes/source_genomes/RNODE_270_length_5234_cov_7.75671.fasta
RNODE_502_length_2205_cov_11.49694	data/CAMISIM_run/platanthera_mock/genomes/source_genomes/RNODE_502_length_2205_cov_11.49694.fasta
RNODE_70_length_1980_cov_24.25332	data/CAMISIM_run/platanthera_mock/genomes/source_genomes/RNODE_70_length_1980_cov_24.25332.fasta
RNODE_128_length_2643_cov_8.66196	data/CAMISIM_run/platanthera_mock/genomes/source_genomes/RNODE_128_length_2643_cov_8.66196.fasta
RNODE_494_length_2579_cov_7.85352	data/CAMISIM_run/platanthera_mock/genomes/source_genomes/RNODE_494_length_2579_cov_7.85352.fasta
RNODE_469_length_3055_cov_6.28858	data/CAMISIM_run/platanthera_mock/genomes/source_genomes/RNODE_469_length_3055_cov_6.28858.fasta
RNODE_197_length_5069_cov_3.76758	data/CAMISIM_run/platanthera_mock/genomes/source_genomes/RNODE_197_length_5069_cov_3.76758.fasta
RNODE_87_length_5673_cov_23.00212	data/CAMISIM_run/platanthera_mock/genomes/source_genomes/RNODE_87_length_5673_cov_23.00212.fasta
RNODE_84_length_1477_cov_11.65155	data/CAMISIM_run/platanthera_mock/genomes/source_genomes/RNODE_84_length_1477_cov_11.65155.fasta
RNODE_199_length_3758_cov_10.79550	data/CAMISIM_run/platanthera_mock/genomes/source_genomes/RNODE_199_length_3758_cov_10.79550.fasta
RNODE_376_length_2653_cov_7.05093	data/CAMISIM_run/platanthera_mock/genomes/source_genomes/RNODE_376_length_2653_cov_7.05093.fasta
RNODE_9_length_1992_cov_4.69492	data/CAMISIM_run/platanthera_mock/genomes/source_genomes/RNODE_9_length_1992_cov_4.69492.fasta
RNODE_59_length_7149_cov_6.99495	data/CAMISIM_run/platanthera_mock/genomes/source_genomes/RNODE_59_length_7149_cov_6.99495.fasta
RNODE_543_length_8600_cov_5.33630	data/CAMISIM_run/platanthera_mock/genomes/source_genomes/RNODE_543_length_8600_cov_5.33630.fasta
RNODE_568_length_4215_cov_4.24868	data/CAMISIM_run/platanthera_mock/genomes/source_genomes/RNODE_568_length_4215_cov_4.24868.fasta
RNODE_19_length_30312_cov_10.20690	data/CAMISIM_run/platanthera_mock/genomes/source_genomes/RNODE_19_length_30312_cov_10.20690.fasta
RNODE_118_length_1774_cov_2.07534	data/CAMISIM_run/platanthera_mock/genomes/source_genomes/RNODE_118_length_1774_cov_2.07534.fasta
RNODE_345_length_2889_cov_34.12033	data/CAMISIM_run/platanthera_mock/genomes/source_genomes/RNODE_345_length_2889_cov_34.12033.fasta
RNODE_212_length_4097_cov_3.86528	data/CAMISIM_run/platanthera_mock/genomes/source_genomes/RNODE_212_length_4097_cov_3.86528.fasta
RNODE_252_length_2412_cov_8.03222	data/CAMISIM_run/platanthera_mock/genomes/source_genomes/RNODE_252_length_2412_cov_8.03222.fasta
RNODE_449_length_3981_cov_10.04107	data/CAMISIM_run/platanthera_mock/genomes/source_genomes/RNODE_449_length_3981_cov_10.04107.fasta
RNODE_233_length_1740_cov_3.83120	data/CAMISIM_run/platanthera_mock/genomes/source_genomes/RNODE_233_length_1740_cov_3.83120.fasta
RNODE_382_length_1274_cov_6.08626	data/CAMISIM_run/platanthera_mock/genomes/source_genomes/RNODE_382_length_1274_cov_6.08626.fasta
RNODE_169_length_2014_cov_4.86797	data/CAMISIM_run/platanthera_mock/genomes/source_genomes/RNODE_169_length_2014_cov_4.86797.fasta
RNODE_230_length_2858_cov_5.31312	data/CAMISIM_run/platanthera_mock/genomes/source_genomes/RNODE_230_length_2858_cov_5.31312.fasta
RNODE_574_length_2604_cov_12.49740	data/CAMISIM_run/platanthera_mock/genomes/source_genomes/RNODE_574_length_2604_cov_12.49740.fasta
RNODE_203_length_1708_cov_4.32029	data/CAMISIM_run/platanthera_mock/genomes/source_genomes/RNODE_203_length_1708_cov_4.32029.fasta
RNODE_332_length_1624_cov_3.94382	data/CAMISIM_run/platanthera_mock/genomes/source_genomes/RNODE_332_length_1624_cov_3.94382.fasta
RNODE_43_length_1562_cov_5.51818	data/CAMISIM_run/platanthera_mock/genomes/source_genomes/RNODE_43_length_1562_cov_5.51818.fasta
RNODE_503_length_17293_cov_6.40561	data/CAMISIM_run/platanthera_mock/genomes/source_genomes/RNODE_503_length_17293_cov_6.40561.fasta
RNODE_566_length_1455_cov_10.94416	data/CAMISIM_run/platanthera_mock/genomes/source_genomes/RNODE_566_length_1455_cov_10.94416.fasta
RNODE_461_length_26656_cov_11.43708	data/CAMISIM_run/platanthera_mock/genomes/source_genomes/RNODE_461_length_26656_cov_11.43708.fasta
RNODE_183_length_2196_cov_14.40984	data/CAMISIM_run/platanthera_mock/genomes/source_genomes/RNODE_183_length_2196_cov_14.40984.fasta
RNODE_30_length_2201_cov_7.76228	data/CAMISIM_run/platanthera_mock/genomes/source_genomes/RNODE_30_length_2201_cov_7.76228.fasta
RNODE_97_length_2902_cov_3.95799	data/CAMISIM_run/platanthera_mock/genomes/source_genomes/RNODE_97_length_2902_cov_3.95799.fasta
RNODE_206_length_1596_cov_53.17090	data/CAMISIM_run/platanthera_mock/genomes/source_genomes/RNODE_206_length_1596_cov_53.17090.fasta
RNODE_157_length_9240_cov_11.70069	data/CAMISIM_run/platanthera_mock/genomes/source_genomes/RNODE_157_length_9240_cov_11.70069.fasta
RNODE_121_length_10870_cov_30.65219	data/CAMISIM_run/platanthera_mock/genomes/source_genomes/RNODE_121_length_10870_cov_30.65219.fasta
RNODE_272_length_2015_cov_5.10035	data/CAMISIM_run/platanthera_mock/genomes/source_genomes/RNODE_272_length_2015_cov_5.10035.fasta
RNODE_511_length_2859_cov_7.60477	data/CAMISIM_run/platanthera_mock/genomes/source_genomes/RNODE_511_length_2859_cov_7.60477.fasta
RNODE_546_length_1712_cov_11.02048	data/CAMISIM_run/platanthera_mock/genomes/source_genomes/RNODE_546_length_1712_cov_11.02048.fasta
RNODE_510_length_1545_cov_4.91248	data/CAMISIM_run/platanthera_mock/genomes/source_genomes/RNODE_510_length_1545_cov_4.91248.fasta
RNODE_80_length_5133_cov_7.08687	data/CAMISIM_run/platanthera_mock/genomes/source_genomes/RNODE_80_length_5133_cov_7.08687.fasta
RNODE_556_length_34387_cov_8.27811	data/CAMISIM_run/platanthera_mock/genomes/source_genomes/RNODE_556_length_34387_cov_8.27811.fasta
RNODE_335_length_1478_cov_2.76786	data/CAMISIM_run/platanthera_mock/genomes/source_genomes/RNODE_335_length_1478_cov_2.76786.fasta
RNODE_202_length_2300_cov_3.80773	data/CAMISIM_run/platanthera_mock/genomes/source_genomes/RNODE_202_length_2300_cov_3.80773.fasta
RNODE_192_length_7636_cov_18.62687	data/CAMISIM_run/platanthera_mock/genomes/source_genomes/RNODE_192_length_7636_cov_18.62687.fasta
RNODE_395_length_1428_cov_3.92319	data/CAMISIM_run/platanthera_mock/genomes/source_genomes/RNODE_395_length_1428_cov_3.92319.fasta
RNODE_131_length_3521_cov_17.22578	data/CAMISIM_run/platanthera_mock/genomes/source_genomes/RNODE_131_length_3521_cov_17.22578.fasta
RNODE_172_length_2223_cov_6.95729	data/CAMISIM_run/platanthera_mock/genomes/source_genomes/RNODE_172_length_2223_cov_6.95729.fasta
RNODE_398_length_3296_cov_5.67929	data/CAMISIM_run/platanthera_mock/genomes/source_genomes/RNODE_398_length_3296_cov_5.67929.fasta
RNODE_20_length_3323_cov_4.22024	data/CAMISIM_run/platanthera_mock/genomes/source_genomes/RNODE_20_length_3323_cov_4.22024.fasta
RNODE_569_length_1759_cov_4.34949	data/CAMISIM_run/platanthera_mock/genomes/source_genomes/RNODE_569_length_1759_cov_4.34949.fasta
RNODE_421_length_4705_cov_4.03310	data/CAMISIM_run/platanthera_mock/genomes/source_genomes/RNODE_421_length_4705_cov_4.03310.fasta
RNODE_533_length_2589_cov_10.83519	data/CAMISIM_run/platanthera_mock/genomes/source_genomes/RNODE_533_length_2589_cov_10.83519.fasta
RNODE_581_length_1595_cov_4.44509	data/CAMISIM_run/platanthera_mock/genomes/source_genomes/RNODE_581_length_1595_cov_4.44509.fasta
RNODE_231_length_5311_cov_4.30176	data/CAMISIM_run/platanthera_mock/genomes/source_genomes/RNODE_231_length_5311_cov_4.30176.fasta
RNODE_401_length_5038_cov_52.89115	data/CAMISIM_run/platanthera_mock/genomes/source_genomes/RNODE_401_length_5038_cov_52.89115.fasta
RNODE_177_length_3051_cov_8.18455	data/CAMISIM_run/platanthera_mock/genomes/source_genomes/RNODE_177_length_3051_cov_8.18455.fasta
RNODE_209_length_3433_cov_79.37027	data/CAMISIM_run/platanthera_mock/genomes/source_genomes/RNODE_209_length_3433_cov_79.37027.fasta
RNODE_445_length_2035_cov_5.02735	data/CAMISIM_run/platanthera_mock/genomes/source_genomes/RNODE_445_length_2035_cov_5.02735.fasta
RNODE_115_length_1563_cov_5.85918	data/CAMISIM_run/platanthera_mock/genomes/source_genomes/RNODE_115_length_1563_cov_5.85918.fasta
RNODE_82_length_2481_cov_3.36397	data/CAMISIM_run/platanthera_mock/genomes/source_genomes/RNODE_82_length_2481_cov_3.36397.fasta
RNODE_102_length_8268_cov_3.53650	data/CAMISIM_run/platanthera_mock/genomes/source_genomes/RNODE_102_length_8268_cov_3.53650.fasta
RNODE_422_length_2556_cov_6.56672	data/CAMISIM_run/platanthera_mock/genomes/source_genomes/RNODE_422_length_2556_cov_6.56672.fasta
RNODE_132_length_8354_cov_2.98896	data/CAMISIM_run/platanthera_mock/genomes/source_genomes/RNODE_132_length_8354_cov_2.98896.fasta
RNODE_405_length_1632_cov_8.96149	data/CAMISIM_run/platanthera_mock/genomes/source_genomes/RNODE_405_length_1632_cov_8.96149.fasta
RNODE_44_length_6101_cov_2.97384	data/CAMISIM_run/platanthera_mock/genomes/source_genomes/RNODE_44_length_6101_cov_2.97384.fasta
RNODE_567_length_2043_cov_21.53474	data/CAMISIM_run/platanthera_mock/genomes/source_genomes/RNODE_567_length_2043_cov_21.53474.fasta
RNODE_340_length_1678_cov_17.80556	data/CAMISIM_run/platanthera_mock/genomes/source_genomes/RNODE_340_length_1678_cov_17.80556.fasta
RNODE_136_length_1758_cov_14.12385	data/CAMISIM_run/platanthera_mock/genomes/source_genomes/RNODE_136_length_1758_cov_14.12385.fasta
RNODE_42_length_6009_cov_12.62369	data/CAMISIM_run/platanthera_mock/genomes/source_genomes/RNODE_42_length_6009_cov_12.62369.fasta
RNODE_409_length_1368_cov_5.05646	data/CAMISIM_run/platanthera_mock/genomes/source_genomes/RNODE_409_length_1368_cov_5.05646.fasta
RNODE_525_length_3666_cov_9.03954	data/CAMISIM_run/platanthera_mock/genomes/source_genomes/RNODE_525_length_3666_cov_9.03954.fasta
RNODE_175_length_2761_cov_19.02118	data/CAMISIM_run/platanthera_mock/genomes/source_genomes/RNODE_175_length_2761_cov_19.02118.fasta
RNODE_191_length_4523_cov_9.06065	data/CAMISIM_run/platanthera_mock/genomes/source_genomes/RNODE_191_length_4523_cov_9.06065.fasta
RNODE_46_length_1611_cov_3.70422	data/CAMISIM_run/platanthera_mock/genomes/source_genomes/RNODE_46_length_1611_cov_3.70422.fasta
RNODE_245_length_4357_cov_37.67935	data/CAMISIM_run/platanthera_mock/genomes/source_genomes/RNODE_245_length_4357_cov_37.67935.fasta
RNODE_478_length_1307_cov_169.80266	data/CAMISIM_run/platanthera_mock/genomes/source_genomes/RNODE_478_length_1307_cov_169.80266.fasta
RNODE_438_length_14517_cov_4.70775	data/CAMISIM_run/platanthera_mock/genomes/source_genomes/RNODE_438_length_14517_cov_4.70775.fasta
RNODE_370_length_1832_cov_7.75801	data/CAMISIM_run/platanthera_mock/genomes/source_genomes/RNODE_370_length_1832_cov_7.75801.fasta
RNODE_190_length_2372_cov_3.90340	data/CAMISIM_run/platanthera_mock/genomes/source_genomes/RNODE_190_length_2372_cov_3.90340.fasta
RNODE_155_length_2531_cov_7.75129	data/CAMISIM_run/platanthera_mock/genomes/source_genomes/RNODE_155_length_2531_cov_7.75129.fasta
RNODE_273_length_1300_cov_2.30673	data/CAMISIM_run/platanthera_mock/genomes/source_genomes/RNODE_273_length_1300_cov_2.30673.fasta
RNODE_168_length_1728_cov_6.59379	data/CAMISIM_run/platanthera_mock/genomes/source_genomes/RNODE_168_length_1728_cov_6.59379.fasta
RNODE_186_length_2504_cov_28.93916	data/CAMISIM_run/platanthera_mock/genomes/source_genomes/RNODE_186_length_2504_cov_28.93916.fasta
RNODE_388_length_2936_cov_27.70796	data/CAMISIM_run/platanthera_mock/genomes/source_genomes/RNODE_388_length_2936_cov_27.70796.fasta
RNODE_21_length_1619_cov_4.64433	data/CAMISIM_run/platanthera_mock/genomes/source_genomes/RNODE_21_length_1619_cov_4.64433.fasta
RNODE_232_length_21840_cov_9.43432	data/CAMISIM_run/platanthera_mock/genomes/source_genomes/RNODE_232_length_21840_cov_9.43432.fasta
RNODE_447_length_1716_cov_15.11213	data/CAMISIM_run/platanthera_mock/genomes/source_genomes/RNODE_447_length_1716_cov_15.11213.fasta
RNODE_441_length_2686_cov_18.21714	data/CAMISIM_run/platanthera_mock/genomes/source_genomes/RNODE_441_length_2686_cov_18.21714.fasta
RNODE_356_length_2244_cov_4.44644	data/CAMISIM_run/platanthera_mock/genomes/source_genomes/RNODE_356_length_2244_cov_4.44644.fasta
RNODE_561_length_1583_cov_3.83769	data/CAMISIM_run/platanthera_mock/genomes/source_genomes/RNODE_561_length_1583_cov_3.83769.fasta
RNODE_262_length_4000_cov_14.35495	data/CAMISIM_run/platanthera_mock/genomes/source_genomes/RNODE_262_length_4000_cov_14.35495.fasta
RNODE_113_length_2920_cov_5.66563	data/CAMISIM_run/platanthera_mock/genomes/source_genomes/RNODE_113_length_2920_cov_5.66563.fasta
RNODE_16_length_2729_cov_73.58182	data/CAMISIM_run/platanthera_mock/genomes/source_genomes/RNODE_16_length_2729_cov_73.58182.fasta
RNODE_321_length_5296_cov_10.18297	data/CAMISIM_run/platanthera_mock/genomes/source_genomes/RNODE_321_length_5296_cov_10.18297.fasta
RNODE_81_length_1318_cov_3.55864	data/CAMISIM_run/platanthera_mock/genomes/source_genomes/RNODE_81_length_1318_cov_3.55864.fasta
RNODE_413_length_3069_cov_3.80768	data/CAMISIM_run/platanthera_mock/genomes/source_genomes/RNODE_413_length_3069_cov_3.80768.fasta
RNODE_465_length_2281_cov_5.29996	data/CAMISIM_run/platanthera_mock/genomes/source_genomes/RNODE_465_length_2281_cov_5.29996.fasta
RNODE_349_length_1558_cov_4.95117	data/CAMISIM_run/platanthera_mock/genomes/source_genomes/RNODE_349_length_1558_cov_4.95117.fasta
RNODE_410_length_2558_cov_5.74172	data/CAMISIM_run/platanthera_mock/genomes/source_genomes/RNODE_410_length_2558_cov_5.74172.fasta
RNODE_588_length_1894_cov_3.77861	data/CAMISIM_run/platanthera_mock/genomes/source_genomes/RNODE_588_length_1894_cov_3.77861.fasta
RNODE_545_length_2037_cov_103.39869	data/CAMISIM_run/platanthera_mock/genomes/source_genomes/RNODE_545_length_2037_cov_103.39869.fasta
RNODE_250_length_5534_cov_8.34289	data/CAMISIM_run/platanthera_mock/genomes/source_genomes/RNODE_250_length_5534_cov_8.34289.fasta
RNODE_475_length_9205_cov_9.11194	data/CAMISIM_run/platanthera_mock/genomes/source_genomes/RNODE_475_length_9205_cov_9.11194.fasta
RNODE_123_length_2054_cov_30.18504	data/CAMISIM_run/platanthera_mock/genomes/source_genomes/RNODE_123_length_2054_cov_30.18504.fasta
RNODE_269_length_3926_cov_5.29021	data/CAMISIM_run/platanthera_mock/genomes/source_genomes/RNODE_269_length_3926_cov_5.29021.fasta
RNODE_505_length_8295_cov_9.15006	data/CAMISIM_run/platanthera_mock/genomes/source_genomes/RNODE_505_length_8295_cov_9.15006.fasta
RNODE_334_length_1555_cov_5.92107	data/CAMISIM_run/platanthera_mock/genomes/source_genomes/RNODE_334_length_1555_cov_5.92107.fasta
RNODE_267_length_1450_cov_3.70798	data/CAMISIM_run/platanthera_mock/genomes/source_genomes/RNODE_267_length_1450_cov_3.70798.fasta
RNODE_141_length_2345_cov_22.92639	data/CAMISIM_run/platanthera_mock/genomes/source_genomes/RNODE_141_length_2345_cov_22.92639.fasta
RNODE_303_length_2852_cov_2.02615	data/CAMISIM_run/platanthera_mock/genomes/source_genomes/RNODE_303_length_2852_cov_2.02615.fasta
RNODE_452_length_1435_cov_89.39445	data/CAMISIM_run/platanthera_mock/genomes/source_genomes/RNODE_452_length_1435_cov_89.39445.fasta
RNODE_39_length_2309_cov_8.39790	data/CAMISIM_run/platanthera_mock/genomes/source_genomes/RNODE_39_length_2309_cov_8.39790.fasta
RNODE_592_length_3754_cov_6.59927	data/CAMISIM_run/platanthera_mock/genomes/source_genomes/RNODE_592_length_3754_cov_6.59927.fasta
RNODE_29_length_2138_cov_51.39745	data/CAMISIM_run/platanthera_mock/genomes/source_genomes/RNODE_29_length_2138_cov_51.39745.fasta
RNODE_26_length_2149_cov_3.97038	data/CAMISIM_run/platanthera_mock/genomes/source_genomes/RNODE_26_length_2149_cov_3.97038.fasta
RNODE_11_length_2136_cov_9.27578	data/CAMISIM_run/platanthera_mock/genomes/source_genomes/RNODE_11_length_2136_cov_9.27578.fasta
RNODE_313_length_7631_cov_9.92207	data/CAMISIM_run/platanthera_mock/genomes/source_genomes/RNODE_313_length_7631_cov_9.92207.fasta
RNODE_194_length_1274_cov_1.74441	data/CAMISIM_run/platanthera_mock/genomes/source_genomes/RNODE_194_length_1274_cov_1.74441.fasta
RNODE_135_length_2376_cov_3.88445	data/CAMISIM_run/platanthera_mock/genomes/source_genomes/RNODE_135_length_2376_cov_3.88445.fasta
RNODE_244_length_5333_cov_28.75937	data/CAMISIM_run/platanthera_mock/genomes/source_genomes/RNODE_244_length_5333_cov_28.75937.fasta
RNODE_117_length_1506_cov_6.97170	data/CAMISIM_run/platanthera_mock/genomes/source_genomes/RNODE_117_length_1506_cov_6.97170.fasta
RNODE_1_length_6898_cov_7.60442	data/CAMISIM_run/platanthera_mock/genomes/source_genomes/RNODE_1_length_6898_cov_7.60442.fasta
RNODE_535_length_1698_cov_14.80778	data/CAMISIM_run/platanthera_mock/genomes/source_genomes/RNODE_535_length_1698_cov_14.80778.fasta
RNODE_278_length_7999_cov_5.67456	data/CAMISIM_run/platanthera_mock/genomes/source_genomes/RNODE_278_length_7999_cov_5.67456.fasta
RNODE_215_length_3095_cov_6.61373	data/CAMISIM_run/platanthera_mock/genomes/source_genomes/RNODE_215_length_3095_cov_6.61373.fasta
RNODE_589_length_1668_cov_40.93320	data/CAMISIM_run/platanthera_mock/genomes/source_genomes/RNODE_589_length_1668_cov_40.93320.fasta
RNODE_554_length_6559_cov_5.96604	data/CAMISIM_run/platanthera_mock/genomes/source_genomes/RNODE_554_length_6559_cov_5.96604.fasta
RNODE_58_length_3492_cov_8.06052	data/CAMISIM_run/platanthera_mock/genomes/source_genomes/RNODE_58_length_3492_cov_8.06052.fasta
RNODE_64_length_2498_cov_2.19628	data/CAMISIM_run/platanthera_mock/genomes/source_genomes/RNODE_64_length_2498_cov_2.19628.fasta
RNODE_489_length_2151_cov_58.40979	data/CAMISIM_run/platanthera_mock/genomes/source_genomes/RNODE_489_length_2151_cov_58.40979.fasta
RNODE_170_length_2572_cov_18.40510	data/CAMISIM_run/platanthera_mock/genomes/source_genomes/RNODE_170_length_2572_cov_18.40510.fasta
RNODE_371_length_3091_cov_4.47833	data/CAMISIM_run/platanthera_mock/genomes/source_genomes/RNODE_371_length_3091_cov_4.47833.fasta
RNODE_536_length_2671_cov_5.65343	data/CAMISIM_run/platanthera_mock/genomes/source_genomes/RNODE_536_length_2671_cov_5.65343.fasta
RNODE_582_length_6266_cov_6.90437	data/CAMISIM_run/platanthera_mock/genomes/source_genomes/RNODE_582_length_6266_cov_6.90437.fasta
RNODE_305_length_1545_cov_4.08273	data/CAMISIM_run/platanthera_mock/genomes/source_genomes/RNODE_305_length_1545_cov_4.08273.fasta
RNODE_285_length_1358_cov_4.40719	data/CAMISIM_run/platanthera_mock/genomes/source_genomes/RNODE_285_length_1358_cov_4.40719.fasta
RNODE_542_length_2159_cov_35.95760	data/CAMISIM_run/platanthera_mock/genomes/source_genomes/RNODE_542_length_2159_cov_35.95760.fasta
RNODE_66_length_2707_cov_5.26741	data/CAMISIM_run/platanthera_mock/genomes/source_genomes/RNODE_66_length_2707_cov_5.26741.fasta
RNODE_249_length_1595_cov_4.08837	data/CAMISIM_run/platanthera_mock/genomes/source_genomes/RNODE_249_length_1595_cov_4.08837.fasta
RNODE_179_length_3165_cov_11.18263	data/CAMISIM_run/platanthera_mock/genomes/source_genomes/RNODE_179_length_3165_cov_11.18263.fasta
RNODE_148_length_1828_cov_3.97398	data/CAMISIM_run/platanthera_mock/genomes/source_genomes/RNODE_148_length_1828_cov_3.97398.fasta
RNODE_454_length_3059_cov_7.56632	data/CAMISIM_run/platanthera_mock/genomes/source_genomes/RNODE_454_length_3059_cov_7.56632.fasta
RNODE_329_length_4403_cov_3.14905	data/CAMISIM_run/platanthera_mock/genomes/source_genomes/RNODE_329_length_4403_cov_3.14905.fasta
RNODE_471_length_2314_cov_27.32580	data/CAMISIM_run/platanthera_mock/genomes/source_genomes/RNODE_471_length_2314_cov_27.32580.fasta
RNODE_467_length_4285_cov_163.04211	data/CAMISIM_run/platanthera_mock/genomes/source_genomes/RNODE_467_length_4285_cov_163.04211.fasta
RNODE_120_length_2282_cov_6.07257	data/CAMISIM_run/platanthera_mock/genomes/source_genomes/RNODE_120_length_2282_cov_6.07257.fasta
RNODE_153_length_2931_cov_9.80406	data/CAMISIM_run/platanthera_mock/genomes/source_genomes/RNODE_153_length_2931_cov_9.80406.fasta
RNODE_105_length_62790_cov_25.15822	data/CAMISIM_run/platanthera_mock/genomes/source_genomes/RNODE_105_length_62790_cov_25.15822.fasta
RNODE_541_length_5933_cov_6.74656	data/CAMISIM_run/platanthera_mock/genomes/source_genomes/RNODE_541_length_5933_cov_6.74656.fasta
RNODE_35_length_2870_cov_3.96032	data/CAMISIM_run/platanthera_mock/genomes/source_genomes/RNODE_35_length_2870_cov_3.96032.fasta
RNODE_516_length_4468_cov_33.78336	data/CAMISIM_run/platanthera_mock/genomes/source_genomes/RNODE_516_length_4468_cov_33.78336.fasta
RNODE_240_length_12811_cov_7.14481	data/CAMISIM_run/platanthera_mock/genomes/source_genomes/RNODE_240_length_12811_cov_7.14481.fasta
RNODE_246_length_2482_cov_3.42358	data/CAMISIM_run/platanthera_mock/genomes/source_genomes/RNODE_246_length_2482_cov_3.42358.fasta
RNODE_22_length_7302_cov_3.23613	data/CAMISIM_run/platanthera_mock/genomes/source_genomes/RNODE_22_length_7302_cov_3.23613.fasta
RNODE_241_length_10461_cov_3.82000	data/CAMISIM_run/platanthera_mock/genomes/source_genomes/RNODE_241_length_10461_cov_3.82000.fasta
RNODE_13_length_1938_cov_15.43946	data/CAMISIM_run/platanthera_mock/genomes/source_genomes/RNODE_13_length_1938_cov_15.43946.fasta
RNODE_92_length_2810_cov_4.09613	data/CAMISIM_run/platanthera_mock/genomes/source_genomes/RNODE_92_length_2810_cov_4.09613.fasta
RNODE_53_length_5801_cov_10.05503	data/CAMISIM_run/platanthera_mock/genomes/source_genomes/RNODE_53_length_5801_cov_10.05503.fasta
RNODE_49_length_2149_cov_5.34556	data/CAMISIM_run/platanthera_mock/genomes/source_genomes/RNODE_49_length_2149_cov_5.34556.fasta
RNODE_61_length_7669_cov_5.82281	data/CAMISIM_run/platanthera_mock/genomes/source_genomes/RNODE_61_length_7669_cov_5.82281.fasta
RNODE_276_length_1745_cov_5.73070	data/CAMISIM_run/platanthera_mock/genomes/source_genomes/RNODE_276_length_1745_cov_5.73070.fasta
RNODE_596_length_1535_cov_4.05353	data/CAMISIM_run/platanthera_mock/genomes/source_genomes/RNODE_596_length_1535_cov_4.05353.fasta
RNODE_483_length_2623_cov_9.08778	data/CAMISIM_run/platanthera_mock/genomes/source_genomes/RNODE_483_length_2623_cov_9.08778.fasta
RNODE_526_length_2764_cov_10.07362	data/CAMISIM_run/platanthera_mock/genomes/source_genomes/RNODE_526_length_2764_cov_10.07362.fasta
RNODE_293_length_11038_cov_5.01480	data/CAMISIM_run/platanthera_mock/genomes/source_genomes/RNODE_293_length_11038_cov_5.01480.fasta
RNODE_57_length_1642_cov_4.22716	data/CAMISIM_run/platanthera_mock/genomes/source_genomes/RNODE_57_length_1642_cov_4.22716.fasta
RNODE_214_length_1765_cov_3.24842	data/CAMISIM_run/platanthera_mock/genomes/source_genomes/RNODE_214_length_1765_cov_3.24842.fasta
RNODE_189_length_1548_cov_4.91153	data/CAMISIM_run/platanthera_mock/genomes/source_genomes/RNODE_189_length_1548_cov_4.91153.fasta
RNODE_466_length_2414_cov_22.47806	data/CAMISIM_run/platanthera_mock/genomes/source_genomes/RNODE_466_length_2414_cov_22.47806.fasta
RNODE_473_length_2154_cov_104.90849	data/CAMISIM_run/platanthera_mock/genomes/source_genomes/RNODE_473_length_2154_cov_104.90849.fasta
RNODE_41_length_1982_cov_209.61480	data/CAMISIM_run/platanthera_mock/genomes/source_genomes/RNODE_41_length_1982_cov_209.61480.fasta
RNODE_425_length_1554_cov_17.16795	data/CAMISIM_run/platanthera_mock/genomes/source_genomes/RNODE_425_length_1554_cov_17.16795.fasta
RNODE_463_length_2242_cov_48.39465	data/CAMISIM_run/platanthera_mock/genomes/source_genomes/RNODE_463_length_2242_cov_48.39465.fasta
RNODE_37_length_1566_cov_13.53497	data/CAMISIM_run/platanthera_mock/genomes/source_genomes/RNODE_37_length_1566_cov_13.53497.fasta
RNODE_111_length_2230_cov_3.84239	data/CAMISIM_run/platanthera_mock/genomes/source_genomes/RNODE_111_length_2230_cov_3.84239.fasta
RNODE_106_length_1583_cov_3.49519	data/CAMISIM_run/platanthera_mock/genomes/source_genomes/RNODE_106_length_1583_cov_3.49519.fasta
RNODE_79_length_2421_cov_3.19008	data/CAMISIM_run/platanthera_mock/genomes/source_genomes/RNODE_79_length_2421_cov_3.19008.fasta
RNODE_187_length_2669_cov_7.35323	data/CAMISIM_run/platanthera_mock/genomes/source_genomes/RNODE_187_length_2669_cov_7.35323.fasta
RNODE_15_length_2057_cov_7.49140	data/CAMISIM_run/platanthera_mock/genomes/source_genomes/RNODE_15_length_2057_cov_7.49140.fasta
RNODE_354_length_3591_cov_3.85010	data/CAMISIM_run/platanthera_mock/genomes/source_genomes/RNODE_354_length_3591_cov_3.85010.fasta
RNODE_310_length_7241_cov_7.51586	data/CAMISIM_run/platanthera_mock/genomes/source_genomes/RNODE_310_length_7241_cov_7.51586.fasta
RNODE_51_length_2136_cov_5.31315	data/CAMISIM_run/platanthera_mock/genomes/source_genomes/RNODE_51_length_2136_cov_5.31315.fasta
LjRoot170	data/CAMISIM_run/platanthera_mock/genomes/source_genomes/LjRoot170.fasta
LjRoot62	data/CAMISIM_run/platanthera_mock/genomes/source_genomes/LjRoot62.fasta
LjRoot139	data/CAMISIM_run/platanthera_mock/genomes/source_genomes/LjRoot139.fasta
3823_R	data/CAMISIM_run/platanthera_mock/genomes/source_genomes/3823_R.fasta
3823_AP	data/CAMISIM_run/platanthera_mock/genomes/source_genomes/3823_AP.fasta
LjRoot150	data/CAMISIM_run/platanthera_mock/genomes/source_genomes/LjRoot150.fasta
LjRoot84	data/CAMISIM_run/platanthera_mock/genomes/source_genomes/LjRoot84.fasta
LjRoot130	data/CAMISIM_run/platanthera_mock/genomes/source_genomes/LjRoot130.fasta
LjRoot175	data/CAMISIM_run/platanthera_mock/genomes/source_genomes/LjRoot175.fasta
LjRoot103	data/CAMISIM_run/platanthera_mock/genomes/source_genomes/LjRoot103.fasta
LjRoot176	data/CAMISIM_run/platanthera_mock/genomes/source_genomes/LjRoot176.fasta
LjRoot66	data/CAMISIM_run/platanthera_mock/genomes/source_genomes/LjRoot66.fasta
LjRoot109	data/CAMISIM_run/platanthera_mock/genomes/source_genomes/LjRoot109.fasta
LjRoot187	data/CAMISIM_run/platanthera_mock/genomes/source_genomes/LjRoot187.fasta
LjRoot181	data/CAMISIM_run/platanthera_mock/genomes/source_genomes/LjRoot181.fasta
LjRoot120	data/CAMISIM_run/platanthera_mock/genomes/source_genomes/LjRoot120.fasta
3934_E	data/CAMISIM_run/platanthera_mock/genomes/source_genomes/3934_E.fasta
3934_Q	data/CAMISIM_run/platanthera_mock/genomes/source_genomes/3934_Q.fasta
3934_F	data/CAMISIM_run/platanthera_mock/genomes/source_genomes/3934_F.fasta
3934_BI	data/CAMISIM_run/platanthera_mock/genomes/source_genomes/3934_BI.fasta
3823_L	data/CAMISIM_run/platanthera_mock/genomes/source_genomes/3823_L.fasta
LjRoot28	data/CAMISIM_run/platanthera_mock/genomes/source_genomes/LjRoot28.fasta
