genome_ID	OTU	NCBI_ID	novelty_category
Otu522.1	41294	374	new_species
Otu522.0	41294	85413	new_species
Otu984	987045	987045	known_strain
Otu981	323097	323097	known_strain
Otu980	521096	521096	known_strain
Otu212.1	286	43263	new_strain
Otu212.0	286	1144338	new_strain
Otu823	1760	1760	new_order
Otu820	218284	218284	new_strain
Otu821	43263	43263	new_strain
Otu824	520709	520709	known_strain
Otu337.0	286	1387231	known_strain
Otu107.0	119060	106589	new_species
Otu257.0	1298	243230	known_strain
Otu725	1121335	1121335	known_strain
Otu491.0	80864	1690268	new_strain
Otu491.1	80864	1144318	new_strain
Otu981.0	658061	204669	known_strain
Otu1043	1353246	1353246	known_strain
Otu528	1410620	1410620	new_strain
Otu1046	82115	82115	new_genus
Otu493.0	1883	455632	known_strain
Otu1048	1343740	1343740	known_strain
Otu701.0	213119	1304886	known_strain
Otu526.0	1663	1312954	known_strain
Otu692.1	135621	294	new_strain
Otu692.0	135621	316	known_strain
Otu828.0	85030	526225	known_strain
Otu987.1	75682	75682	new_genus
Otu265.0	1386	720555	known_strain
Otu850.0	80864	1882774	new_strain
Otu80.1	80864	1690268	new_strain
Otu80.0	80864	758826	new_strain
Otu247.0	2070	1120948	known_strain
Otu451.0	1279	1159488	known_strain
Otu331.0	568386	1123261	known_strain
Otu241.0	83676	1205910	known_strain
Otu790	469371	469371	known_strain
Otu1037	119060	119060	new_genus
Otu1086.0	75682	75682	new_genus
Otu1039	358823	358823	known_strain
Otu1038	591167	591167	known_strain
Otu952	294	294	new_strain
Otu953	85413	85413	new_species
Otu774	1760	1760	new_order
Otu956	1173027	1173027	known_strain
Otu957	85413	85413	new_species
Otu771	1760	1760	new_order
Otu677	1760	1760	new_order
Otu892	1267600	1267600	known_strain
Otu891	1144338	1144338	new_strain
Otu890	690598	690598	known_strain
Otu897	379	379	new_species
Otu778	1510531	1510531	new_strain
Otu894	523850	523850	known_strain
Otu261.1	41275	41275	new_species
Otu983	652017	652017	known_strain
Otu590.0	1298	546414	known_strain
Otu352.0	41294	85413	new_species
Otu982	358220	358220	new_strain
Otu370.0	41294	85413	new_species
Otu592.0	392733	401053	known_strain
Otu86.0	85413	85413	new_species
Otu300.0	31	246197	known_strain
Otu162.0	1663	1663	new_species
Otu1.0	1883	1214242	known_strain
Otu7.0	1883	1463864	known_strain
Otu460.0	379	1432050	known_strain
Otu9.0	119060	106589	new_species
Otu22.0	237	1107311	known_strain
Otu96.0	83618	1736576	new_strain
Otu1087	337191	337191	known_strain
Otu1084	1217721	1217721	known_strain
Otu1085	20	20	new_species
Otu822.0	119060	106589	new_species
Otu28.0	119060	1218084	known_strain
Otu1088	529	529	known_strain
Otu874	1356854	1356854	known_strain
Otu877	164546	164546	new_strain
Otu876	452863	452863	known_strain
Otu871	1206781	1206781	known_strain
Otu873	251221	251221	known_strain
Otu872	1439940	1439940	known_strain
Otu406.0	59732	491205	known_strain
Otu878	1268	1268	new_genus
Otu673.0	206379	323848	known_strain
Otu434.0	219687	861299	known_strain
Otu654	1760	1760	new_order
Otu1043.0	332162	234267	known_strain
Otu584.0	32033	32033	new_genus
Otu582.0	44249	1196323	known_strain
Otu416.0	119060	119060	new_genus
Otu1027	358	358	new_strain
Otu1073	292459	292459	known_strain
Otu1072	756499	756499	known_strain
Otu1071	91347	91347	new_family
Otu1070	82115	82115	new_genus
Otu1076	290340	290340	known_strain
Otu738	1760	1760	new_order
Otu739	1760	1760	new_order
Otu14.0	286	1144338	new_strain
Otu735	12916	12916	new_species
Otu476.0	188786	277	known_strain
Otu64.0	76890	76890	new_species
Otu3.0	379	384	new_strain
Otu754.0	28256	553385	known_strain
Otu645	1760	1760	new_order
Otu392.0	80864	12916	new_species
Otu830.0	69277	69277	new_genus
Otu250.0	45401	46914	new_strain
Otu905	315750	315750	known_strain
Otu174.0	237	728056	new_strain
Otu900	457425	457425	known_strain
Otu902	1217712	1217712	known_strain
Otu602	1405	1405	known_strain
Otu129.0	75682	75682	new_genus
Otu987.0	75682	149698	new_species
Otu551.0	649777	525903	known_strain
Otu639	1404245	1404245	known_strain
Otu503.0	403	675511	known_strain
Otu1042	665577	665577	known_strain
Otu72.0	119060	311230	new_strain
Otu1007.0	2004	316330	known_strain
Otu24.0	374	374	new_species
Otu795.0	75682	963	new_species
Otu924	479431	479431	known_strain
Otu396.0	45404	395965	known_strain
Otu553.0	49	1254432	known_strain
Otu831	1121917	1121917	known_strain
Otu833	667632	667632	known_strain
Otu837	106592	106592	new_strain
Otu153.0	32033	216778	new_strain
Otu555.0	1386	796606	known_strain
Otu1003.0	1707	590998	known_strain
Otu511.0	149698	149698	new_species
Otu295.0	119060	1217718	known_strain
Otu275.0	2070	65497	known_strain
Otu1011.0	32033	83618	new_species
Otu1011.1	32033	40324	new_strain
Otu1047.0	2062	457427	known_strain
Otu457.0	80864	34073	new_strain
Otu74.0	379	379	new_species
Otu577.0	20	1736591	new_strain
Otu761.0	10	498211	known_strain
Otu58.0	149698	149698	new_species
Otu83.1	379	384	new_strain
Otu1085.1	80864	34073	new_strain
Otu1085.0	80864	358220	new_strain
Otu896.0	75787	76114	known_strain
Otu18.0	135621	294	new_strain
Otu18.1	135621	286	new_species
Otu943.0	135621	1262454	known_strain
Otu890.0	1268	1312959	known_strain
Otu787	320771	320771	known_strain
Otu539.0	82115	311403	known_strain
Otu785	1223523	1223523	known_strain
Otu784	471853	471853	known_strain
Otu1025	1120971	1120971	known_strain
Otu1026	1303518	1303518	known_strain
Otu62.0	119060	106589	new_species
Otu1021	497964	497964	known_strain
Otu1022	290402	290402	known_strain
Otu1023	1131730	1131730	known_strain
Otu525.0	2070	749927	known_strain
Otu525.1	2070	345341	known_strain
Otu1029	1365176	1365176	known_strain
Otu943	930171	930171	known_strain
Otu942	1050202	1050202	known_strain
Otu945	1121342	1121342	known_strain
Otu944	294	294	new_strain
Otu762	519442	519442	known_strain
Otu949	294	294	new_strain
Otu603	1500301	1500301	new_strain
Otu606	485913	485913	known_strain
Otu768	1121353	1121353	known_strain
Otu951.0	563798	1120967	known_strain
Otu633.0	265	1367847	known_strain
Otu34.0	69277	71433	new_strain
Otu519.0	1813	287986	known_strain
Otu971.0	1578	1400520	known_strain
Otu166.0	75682	75682	new_genus
Otu398.0	191494	1283299	known_strain
Otu859	1417988	1417988	known_strain
Otu779.0	1762	350054	known_strain
Otu858	106592	106592	new_strain
Otu610.0	44249	1501230	known_strain
Otu182.0	119060	106589	new_species
Otu955.0	1386	315749	known_strain
Otu521.0	13687	1449076	new_strain
Otu755.0	1121253	1121272	known_strain
Otu637.0	119060	398527	known_strain
Otu213.0	186804	1286171	known_strain
Otu213.1	186804	1292035	known_strain
Otu242.0	28256	1178482	known_strain
Otu843	1238237	1238237	known_strain
Otu847	1038866	1038866	known_strain
Otu211.0	20	20	new_species
Otu78.0	2070	208439	known_strain
Otu631.1	41294	85413	new_species
Otu721.0	41297	627192	known_strain
Otu721.1	41297	452662	known_strain
Otu618.0	49546	236814	known_strain
Otu535.0	2070	1068978	known_strain
Otu799	286	286	new_species
Otu616.1	2070	1089545	known_strain
Otu201.0	2070	446462	known_strain
Otu1068	1206777	1206777	known_strain
Otu1063	82115	82115	new_genus
Otu1064	394503	394503	known_strain
Otu1065	1316927	1316927	known_strain
Otu209.0	135621	743713	known_strain
Otu712.0	31989	759362	known_strain
Otu797	446466	446466	known_strain
Otu382.0	186823	1120973	known_strain
Otu723	12916	12916	new_species
Otu480.0	563835	485918	known_strain
Otu50.0	32008	1298859	known_strain
Otu867.0	145357	1121385	known_strain
Otu309.0	41297	165697	new_species
Otu486.0	85015	196162	known_strain
Otu486.1	85015	479435	known_strain
Otu1059.0	32033	40324	new_strain
Otu258.0	200667	1124780	known_strain
Otu931	1121362	1121362	known_strain
Otu935	443255	443255	known_strain
Otu936	404589	404589	known_strain
Otu730.0	174951	365046	known_strain
Otu266.0	1663	1267981	known_strain
Otu777	321846	321846	known_strain
Otu835.0	69277	68287	new_species
Otu268.0	84566	509635	known_strain
Otu801	286	286	new_species
Otu802	1760	1760	new_order
Otu803	1386	1386	new_species
Otu809	1742993	1742993	new_species
Otu207.0	1762	700508	known_strain
Otu708.0	125216	1217720	known_strain
Otu4.0	68287	71433	new_strain
Otu560.0	329857	979226	known_strain
Otu958	1478	1478	new_strain
Otu411.0	45401	46913	new_species
Otu798.0	1827	1429046	known_strain
Otu91.0	286	1268068	new_strain
Otu252.0	379	379	new_species
Otu839.0	286	286	new_species
Otu839.1	286	294	new_strain
Otu93.0	374	375	new_strain
Otu837.0	135621	395598	new_strain
Otu1059	290397	290397	known_strain
Otu89.0	32033	1736576	new_strain
Otu89.1	32033	216778	new_strain
Otu2.0	135621	1419583	known_strain
Otu632	1760	1760	new_order
Otu12.0	119060	106589	new_species
Otu1010	1449976	1449976	known_strain
Otu1013	593907	593907	known_strain
Otu1012	360313	360313	new_strain
Otu581.0	32033	83618	new_species
Otu1016	1131731	1131731	known_strain
Otu431.0	69277	68287	new_species
Otu576	311230	311230	new_strain
Otu752	41275	41275	new_species
Otu960	34073	34073	new_strain
Otu757	926564	926564	known_strain
Otu611	717606	717606	known_strain
Otu759	1200352	1200352	known_strain
Otu977	1121377	1121377	known_strain
Otu970	1380394	1380394	known_strain
Otu971	69328	69328	known_strain
Otu972	358	358	new_strain
Otu616	1760	1760	new_order
Otu118.0	46913	46914	new_strain
Otu261.0	41275	41275	new_species
Otu687	135614	135614	new_family
Otu31.0	286	658612	known_strain
Otu296.1	28056	1120949	known_strain
Otu296.0	28056	1136417	known_strain
Otu589.0	32033	83618	new_species
Otu1007.1	2004	479432	known_strain
Otu753.0	506	1156919	known_strain
Otu83.0	379	379	new_species
Otu423.0	85015	1120950	known_strain
Otu707	1760	1760	new_order
Otu21.0	379	379	new_species
Otu130.0	119060	106590	new_strain
Otu29.0	41297	13687	new_species
Otu794.0	41295	1121033	known_strain
Otu359.0	1525371	399	new_strain
Otu996	80840	80840	new_family
Otu997	694427	694427	known_strain
Otu990	591159	591159	known_strain
Otu1021.0	59732	421531	known_strain
Otu856	1005941	1005941	known_strain
Otu853	1459636	1459636	known_strain
Otu852	106592	106592	new_strain
Otu999	398511	398511	known_strain
Otu848	1121125	1121125	known_strain
Otu554.0	85023	1121372	known_strain
Otu36.0	45401	46913	new_species
Otu631.0	41294	1510531	new_strain
Otu657.0	32033	83618	new_species
Otu657.1	32033	83618	new_species
Otu1052	1128398	1128398	known_strain
Otu512.0	80864	12916	new_species
Otu126.0	12916	12916	new_species
Otu988.0	49	448385	known_strain
Otu564.0	414878	479433	known_strain
Otu75.0	28056	219305	known_strain
Otu59.0	747294	1736315	new_strain
Otu19.0	119060	119060	new_genus
Otu1052.0	191494	469383	known_strain
Otu479.0	1298	926554	known_strain
Otu868.0	237	1202532	known_strain
Otu675.0	75	1298862	known_strain
Otu659.0	80864	758826	new_strain
Otu677.0	41297	1736474	new_strain
Otu927	294	294	new_strain
Otu926	294	294	new_strain
Otu925	294	294	new_strain
Otu780.0	2012	1120936	known_strain
Otu888	379	379	new_species
Otu1072.0	361607	929712	known_strain
Otu666	41275	41275	new_species
Otu884	1406	1406	known_strain
Otu886	1268	1268	new_genus
Otu880	525897	525897	known_strain
Otu881	1121288	1121288	known_strain
Otu882	29320	29320	new_strain
Otu950.0	506	222	new_species
Otu950.1	506	1156918	known_strain
Otu389.0	213422	443143	known_strain
Otu916.0	1298	709986	known_strain
Otu1074.0	44249	697284	known_strain
Otu714	12916	12916	new_species
Otu17.0	80864	80864	new_genus
Otu710	41275	41275	new_species
Otu1076.0	80864	34073	new_strain
Otu719	1760	1760	new_order
Otu128.0	45401	46913	new_species
Otu518.0	84566	485917	known_strain
Otu665.0	59732	421072	known_strain
Otu813	456442	456442	known_strain
Otu812	1441930	1441930	known_strain
Otu811	395598	395598	new_strain
Otu817	1760	1760	new_order
Otu816	1760	1760	new_order
Otu815	444461	444461	known_strain
Otu814	75612	75612	new_strain
Otu934.0	1716	1285583	known_strain
Otu671.0	89373	1048983	known_strain
Otu818	1304866	1304866	known_strain
Otu179.0	379	379	new_species
Otu897.0	41297	407019	new_strain
Otu897.1	41297	165697	new_species
Otu758.0	75682	75682	new_genus
Otu786.0	43668	446465	known_strain
Otu978.0	32033	32033	new_genus
Otu660	357809	357809	known_strain
Otu661	587753	587753	new_strain
Otu663	587753	587753	new_strain
Otu902.0	57665	1150621	known_strain
Otu664	1089549	1089549	known_strain
Otu1044.0	213422	404380	known_strain
Otu922	756067	756067	known_strain
Otu866	1408254	1408254	known_strain
Otu1098	69222	69222	known_strain
Otu864	106592	106592	new_strain
Otu921	1121346	1121346	known_strain
Otu883.0	1883	253839	known_strain
Otu1090	592361	592361	new_strain
Otu1093	591158	591158	known_strain
Otu1092	1285586	1285586	known_strain
Otu1046.0	84566	762903	known_strain
Otu1094	1295141	1295141	known_strain
Otu869	642	642	new_species
Otu187.0	323620	1410620	new_strain
Otu1015	324057	324057	known_strain
Otu1060.0	49546	307480	known_strain
Otu381.0	49546	59732	new_species
Otu619.0	80864	12916	new_species
Otu347.0	28056	1150864	known_strain
Otu57.0	119060	106589	new_species
Otu222.0	1663	1096756	known_strain
Otu616.0	2070	405948	known_strain
Otu220.0	44249	44249	new_species
Otu220.1	44249	1380763	known_strain
Otu63.0	237	1144313	new_strain
Otu1007	73010	73010	new_strain
Otu1000	1121926	1121926	known_strain
Otu968	1478	1478	new_strain
Otu747	1760	1760	new_order
Otu962	34073	34073	new_strain
Otu961	487316	487316	known_strain
Otu744	12916	12916	new_species
Otu967	1345695	1345695	known_strain
Otu966	43759	43759	known_strain
Otu965	59732	59732	new_species
Otu964	1927	1927	known_strain
Otu632.0	49546	445961	known_strain
Otu746.0	69277	1144343	new_strain
Otu620	1214102	1214102	known_strain
Otu1096.1	32033	32033	new_genus
Otu1096.0	32033	1881042	new_strain
Otu99.0	20	20	new_species
Otu918	1217715	1217715	known_strain
Otu919	1038862	1038862	known_strain
Otu734.0	28056	1246995	known_strain
Otu915	684949	684949	known_strain
Otu251.0	32033	435897	new_strain
Otu911	1120985	1120985	known_strain
Otu45.0	41294	323098	known_strain
Otu45.1	41294	85413	new_species
Otu624	1174504	1174504	known_strain
Otu625	935543	935543	known_strain
Otu325.0	119060	196367	new_strain
Otu622	1041930	1041930	known_strain
Otu628	1523621	1523621	known_strain
Phoma_radicina_MPI-SP2-AT-0466	565429	565429	known_strain
Aspergillus_fumigatus_MPI-SW4-AT-0569	746128	746128	known_strain
Phialocephala_fortinii_MPI-SW4-AT-0651	62722	62722	known_strain
Sarocladium_strictum_MPI-IT2-AT-0306	5046	5046	known_strain
Penicillium_crustosum_MPI-IT2-AT-0321	36656	36656	known_strain
Pyrenochaeta_lycopersici_MPI-FR1-AT-0381	285811	285811	known_strain
Peyronellaea_curtisii_MPI-SP2-AT-0415	749631	749631	known_strain
Fusarium_oxysporum_MPI-CAGE-CH-0226	5507	5507	known_strain
Talaromyces_verruculosus_MPI-SP2-AT-0411	198730	198730	known_strain
Penicillium_canescens_MPI-SW4-AT-0573	5083	5083	known_strain
Phoma_selaginellicola_MPI-SW4-AT-0584	749870	749870	known_strain
Cylindrocarpon_pauciseptatum_MPI-SP2-AT-0468	465806	465806	known_strain
Verticillium_dahliae_MPI-FR1-AT-0353	27337	27337	known_strain
Alternaria_tenuis_MPI-SDFR-AT-0071	5599	5599	known_strain
Fusarium_oxysporum_MPI-CAGE-AT-0013	5507	5507	known_strain
Fusarium_redolens_MPI-CAGE-CH-0216	48865	48865	known_strain
Fusarium_oxysporum_MPI-FR1-AT-0335	5507	5507	known_strain
Fusarium_oxysporum_MPI-IT2-AT-0302	5507	5507	known_strain
Cladosporium_rectoides_MPI-GEGE-AT-0032	887101	887101	known_strain
Gibellulopsis_nigrescens_MPI-SP2-AT-0410	796325	796325	known_strain
Metacordyceps_chlamydosporia_MPI-IT2-AT-0323	280754	280754	known_strain
Ochroconis_tshawytschae_MPI-SP2-AT-0416	262132	262132	known_strain
Phomopsis_columnaris_MPI-SP2-AT-0504	193000	193000	known_strain
Umbelopsis_autotrophica_MPI-SW4-AT-0611	979767	979767	known_strain
Embellisia_chlamydospora_MPI-FR1-AT-0336	247032	247032	known_strain
Fusarium_oxysporum_MPI-PUGE-AT-0057	5507	5507	known_strain
Phialocephala_fortinii_MPI-SW4-AT-0551	62722	62722	known_strain
Phaeosphaeria_eustoma_MPI-FR1-AT-0339	85909	85909	known_strain
Penicillium_restrictum_MPI-SP2-AT-0405	69784	69784	known_strain
Truncatella_angustata_MPI-SW4-AT-0541	152316	152316	known_strain
Fusarium_oxysporum_MPI-SP2-AT-0407	5507	5507	known_strain
Macrophomina_phaseolina_MPI-FR1-AT-0330	35725	35725	known_strain
Rhizopycnis_vagum_MPI-FR1-AT-0346	1589764	1589764	known_strain
Phaeosphaeria_eustoma_MPI-SP2-AT-0401	85909	85909	known_strain
Sporobolomyces_sasicola_MPI-IT2-AT-0310	5444	5444	known_strain
Paraphoma_chrysanthemicola_MPI-SDFR-AT-0093	798071	798071	known_strain
Plectosphaerella_cucumerina_MPI-SP2-AT-0455	40658	40658	known_strain
Neonectria_radicicola_MPI-CAGE-CH-0236	64609	64609	known_strain
Cryptosporiopsis_ericae_MPI-SW4-AT-0549	1663492	1663492	known_strain
Leptodontidium_orchidicola_MPI-SW4-AT-0643	1732013	1732013	known_strain
Myrothecium_cinctum_MPI-SP2-AT-0408	1860054	1860054	known_strain
Macrophomina_phaseolina_MPI-SDFR-AT-0085	35725	35725	known_strain
Ilyonectria_macrodidyma_MPI-GEGE-AT-0033	307937	307937	known_strain
Fusarium_falciforme_MPI-IT2-AT-0322	195108	195108	known_strain
Hypocrea_atroviridis_MPI-SP2-AT-0434	63577	63577	known_strain
Fusarium_equiseti_MPI-CAGE-CH-0233	61235	61235	known_strain
Phoma_exigua_MPI-PUGE-AT-0052	749465	749465	known_strain
Sarocladium_strictum_MPI-SWE4-AT-0554	5046	5046	known_strain
Fusarium_torulosum_MPI-SDFR-AT-0089	33205	33205	known_strain
Paraphoma_chrysanthemicola_MPI-SDFR-AT-0118	798071	798071	known_strain
Plectosphaerella_cucumerina_MPI-FR1-AT-0340	40658	40658	known_strain
Embellisia_chlamydospora_MPI-SP2-AT-0402	247032	247032	known_strain
Plectosphaerella_cucumerina_MPI-SP2-AT-0421	40658	40658	known_strain
Fusarium_falciforme_MPI-FR1-AT-0333	195108	195108	known_strain
Phomopsis_columnaris_MPI-SW4-AT-0540	193000	193000	known_strain
Platanthera_zijinensis_chr	305860 	305860 	known_strain
Rhizoctonia_solani_Rhisola1	1287689 	1287689 	known_strain
Tulasnella_calospora_Tulcal1	156515 	156515 	known_strain
Platanthera_zijinensis_chr	2320716	2320716	known_strain
RNODE_416_length_1581_cov_3.82938	32644	32644	unknown
RNODE_217_length_2598_cov_4.83502	32644	32644	unknown
RNODE_138_length_6510_cov_13.48012	32644	32644	unknown
RNODE_325_length_1939_cov_27.67762	32644	32644	unknown
RNODE_124_length_1415_cov_2.71141	45202	45202	plasmid
RNODE_369_length_4633_cov_7.61375	1214906	1214906	virus
RNODE_317_length_2062_cov_4.66471	32644	32644	unknown
RNODE_76_length_3393_cov_4.30851	32644	32644	unknown
RNODE_548_length_4577_cov_9.61395	32644	32644	unknown
RNODE_375_length_2518_cov_4.10497	45202	45202	plasmid
RNODE_347_length_5424_cov_5.89171	45202	45202	plasmid
RNODE_296_length_1799_cov_6.54699	32644	32644	unknown
RNODE_196_length_1935_cov_38.48772	45202	45202	plasmid
RNODE_286_length_1588_cov_4.62324	32644	32644	unknown
RNODE_264_length_2217_cov_3.64237	32644	32644	unknown
RNODE_577_length_7056_cov_38.11425	45202	45202	plasmid
RNODE_570_length_2044_cov_6.96707	32644	32644	unknown
RNODE_488_length_20029_cov_34.82594	32644	32644	unknown
RNODE_71_length_2272_cov_3.05244	32644	32644	unknown
RNODE_198_length_2135_cov_8.85376	32644	32644	unknown
RNODE_477_length_5419_cov_20.61131	45202	45202	plasmid
RNODE_247_length_8256_cov_14.85123	32644	32644	unknown
RNODE_260_length_1690_cov_3.39508	45202	45202	plasmid
RNODE_28_length_2156_cov_6.27835	45202	45202	plasmid
RNODE_34_length_5214_cov_5.85112	45202	45202	plasmid
RNODE_85_length_1577_cov_8.00900	45202	45202	plasmid
RNODE_529_length_1514_cov_4.48325	45202	45202	plasmid
RNODE_275_length_3412_cov_8.48584	45202	45202	plasmid
RNODE_412_length_3243_cov_51.13691	45202	45202	plasmid
RNODE_83_length_6134_cov_3.71057	32644	32644	unknown
RNODE_373_length_1497_cov_5.24000	32644	32644	unknown
RNODE_144_length_2325_cov_4.38472	32644	32644	unknown
RNODE_575_length_2552_cov_5.49684	32644	32644	unknown
RNODE_433_length_2054_cov_26.46352	45202	45202	plasmid
RNODE_295_length_10931_cov_11.99890	32644	32644	unknown
RNODE_140_length_2497_cov_5.86303	45202	45202	plasmid
RNODE_499_length_5376_cov_7.50141	45202	45202	plasmid
RNODE_130_length_2230_cov_8.22328	45202	45202	plasmid
RNODE_299_length_1525_cov_5.32402	32644	32644	unknown
RNODE_86_length_2125_cov_11.11507	32644	32644	unknown
RNODE_164_length_3484_cov_4.58781	45202	45202	plasmid
RNODE_188_length_3578_cov_152.10292	45202	45202	plasmid
RNODE_160_length_1746_cov_3.90255	32644	32644	unknown
RNODE_226_length_3315_cov_75.69511	45202	45202	plasmid
RNODE_486_length_2116_cov_5.68150	45202	45202	plasmid
RNODE_223_length_2107_cov_5.74724	45202	45202	plasmid
RNODE_45_length_2213_cov_3.74441	32644	32644	unknown
RNODE_145_length_1547_cov_6.91082	45202	45202	plasmid
RNODE_99_length_1369_cov_5.25687	32644	32644	unknown
RNODE_216_length_15421_cov_6.49724	45202	45202	plasmid
RNODE_406_length_2395_cov_90.64012	45202	45202	plasmid
RNODE_572_length_1964_cov_10.71878	45202	45202	plasmid
RNODE_514_length_7618_cov_5.62957	45202	45202	plasmid
RNODE_292_length_1675_cov_7.61464	45202	45202	plasmid
RNODE_352_length_10296_cov_22.51324	1214906	1214906	virus
RNODE_167_length_15660_cov_7.41802	45202	45202	plasmid
RNODE_23_length_1998_cov_572.28391	45202	45202	plasmid
RNODE_344_length_2191_cov_2.64592	32644	32644	unknown
RNODE_482_length_12608_cov_5.40546	45202	45202	plasmid
RNODE_579_length_8791_cov_4.68076	45202	45202	plasmid
RNODE_599_length_1516_cov_6.51991	32644	32644	unknown
RNODE_458_length_1682_cov_17.95957	45202	45202	plasmid
RNODE_519_length_4527_cov_27.40475	45202	45202	plasmid
RNODE_353_length_1966_cov_4.24691	45202	45202	plasmid
RNODE_552_length_2139_cov_25.28849	45202	45202	plasmid
RNODE_75_length_1697_cov_2.91164	32644	32644	unknown
RNODE_174_length_2429_cov_2.88035	32644	32644	unknown
RNODE_517_length_2527_cov_12.78156	32644	32644	unknown
RNODE_316_length_1479_cov_156.07138	45202	45202	plasmid
RNODE_47_length_2124_cov_4.45100	32644	32644	unknown
RNODE_112_length_5666_cov_6.47909	45202	45202	plasmid
RNODE_221_length_2696_cov_7.95138	32644	32644	unknown
RNODE_306_length_4235_cov_12.16734	45202	45202	plasmid
RNODE_297_length_1810_cov_21.16499	45202	45202	plasmid
RNODE_178_length_3618_cov_3.32119	45202	45202	plasmid
RNODE_257_length_1602_cov_16.93671	45202	45202	plasmid
RNODE_507_length_1987_cov_46.05898	45202	45202	plasmid
RNODE_103_length_2852_cov_4.11378	45202	45202	plasmid
RNODE_238_length_3219_cov_2.87332	45202	45202	plasmid
RNODE_446_length_1542_cov_16.88168	45202	45202	plasmid
RNODE_403_length_4059_cov_880.62621	45202	45202	plasmid
RNODE_419_length_1879_cov_8.64082	45202	45202	plasmid
RNODE_63_length_9116_cov_7.17902	32644	32644	unknown
RNODE_363_length_5653_cov_18.32623	45202	45202	plasmid
RNODE_379_length_1435_cov_1.62350	45202	45202	plasmid
RNODE_377_length_2313_cov_34.45308	32644	32644	unknown
RNODE_480_length_1461_cov_9.87912	45202	45202	plasmid
RNODE_161_length_2494_cov_2.64806	32644	32644	unknown
RNODE_185_length_1556_cov_2.93481	32644	32644	unknown
RNODE_77_length_2624_cov_7.14989	32644	32644	unknown
RNODE_284_length_8760_cov_7.25395	45202	45202	plasmid
RNODE_430_length_8758_cov_13.30595	32644	32644	unknown
RNODE_236_length_2297_cov_5.75912	32644	32644	unknown
RNODE_586_length_6115_cov_7.69537	45202	45202	plasmid
RNODE_450_length_11970_cov_105.70786	32644	32644	unknown
RNODE_595_length_1522_cov_10.57355	32644	32644	unknown
RNODE_96_length_2623_cov_16.26144	32644	32644	unknown
RNODE_210_length_2651_cov_13.95131	45202	45202	plasmid
RNODE_578_length_7436_cov_10.94682	45202	45202	plasmid
RNODE_162_length_1832_cov_1.88784	45202	45202	plasmid
RNODE_253_length_4934_cov_14.39047	45202	45202	plasmid
RNODE_237_length_4009_cov_52.34788	45202	45202	plasmid
RNODE_385_length_2039_cov_10.22707	32644	32644	unknown
RNODE_4_length_1367_cov_2.97100	32644	32644	unknown
RNODE_351_length_2392_cov_6.50928	32644	32644	unknown
RNODE_580_length_4156_cov_8.38751	45202	45202	plasmid
RNODE_391_length_2002_cov_3.45556	32644	32644	unknown
RNODE_457_length_1464_cov_36.37055	32644	32644	unknown
RNODE_427_length_9830_cov_4.30470	32644	32644	unknown
RNODE_508_length_1879_cov_11.34540	45202	45202	plasmid
RNODE_593_length_8426_cov_4.28144	45202	45202	plasmid
RNODE_333_length_29512_cov_5.09183	1214906	1214906	virus
RNODE_211_length_1756_cov_5.39677	32644	32644	unknown
RNODE_204_length_1584_cov_1.63444	32644	32644	unknown
RNODE_484_length_2351_cov_3.78450	32644	32644	unknown
RNODE_143_length_3260_cov_5.42156	45202	45202	plasmid
RNODE_506_length_4092_cov_6.23826	32644	32644	unknown
RNODE_219_length_1344_cov_3.84720	32644	32644	unknown
RNODE_88_length_5256_cov_29.93752	32644	32644	unknown
RNODE_558_length_8065_cov_7.29220	45202	45202	plasmid
RNODE_181_length_5163_cov_13.91578	45202	45202	plasmid
RNODE_590_length_2199_cov_166.16738	45202	45202	plasmid
RNODE_242_length_3657_cov_7.66465	45202	45202	plasmid
RNODE_52_length_1655_cov_3.75934	32644	32644	unknown
RNODE_95_length_4335_cov_11.95711	45202	45202	plasmid
RNODE_281_length_3634_cov_4.76523	32644	32644	unknown
RNODE_289_length_4454_cov_4.54626	32644	32644	unknown
RNODE_504_length_4144_cov_7.77525	45202	45202	plasmid
RNODE_387_length_2321_cov_4.37973	45202	45202	plasmid
RNODE_2_length_1508_cov_3.94751	45202	45202	plasmid
RNODE_549_length_12275_cov_6.55509	32644	32644	unknown
RNODE_424_length_1604_cov_9.07185	45202	45202	plasmid
RNODE_328_length_1676_cov_7.54655	45202	45202	plasmid
RNODE_501_length_1656_cov_38.89942	32644	32644	unknown
RNODE_348_length_2291_cov_3.76025	32644	32644	unknown
RNODE_448_length_1719_cov_7.88578	45202	45202	plasmid
RNODE_319_length_1321_cov_2.32409	32644	32644	unknown
RNODE_437_length_3085_cov_98.66641	32644	32644	unknown
RNODE_6_length_1955_cov_9.45784	45202	45202	plasmid
RNODE_472_length_3177_cov_4.87929	45202	45202	plasmid
RNODE_490_length_2089_cov_29.26998	45202	45202	plasmid
RNODE_301_length_8746_cov_4.36474	32644	32644	unknown
RNODE_182_length_2608_cov_41.99343	32644	32644	unknown
RNODE_119_length_2367_cov_7.70704	32644	32644	unknown
RNODE_397_length_1629_cov_18.92533	32644	32644	unknown
RNODE_312_length_1648_cov_2.63653	45202	45202	plasmid
RNODE_69_length_2867_cov_5.28717	45202	45202	plasmid
RNODE_597_length_13838_cov_20.78765	32644	32644	unknown
RNODE_104_length_5057_cov_12.80755	1214906	1214906	virus
RNODE_520_length_3075_cov_27.97119	45202	45202	plasmid
RNODE_538_length_1336_cov_10.45341	32644	32644	unknown
RNODE_72_length_2497_cov_7.54950	32644	32644	unknown
RNODE_380_length_3873_cov_34.07037	45202	45202	plasmid
RNODE_330_length_1588_cov_2.46424	32644	32644	unknown
RNODE_268_length_9216_cov_4.69600	1214906	1214906	virus
RNODE_163_length_2924_cov_26.52619	45202	45202	plasmid
RNODE_298_length_4113_cov_5.23857	32644	32644	unknown
RNODE_304_length_2403_cov_7.18396	45202	45202	plasmid
RNODE_213_length_2939_cov_7.79705	32644	32644	unknown
RNODE_550_length_2556_cov_54.05540	45202	45202	plasmid
RNODE_151_length_1644_cov_3.51048	45202	45202	plasmid
RNODE_7_length_4555_cov_11.97220	45202	45202	plasmid
RNODE_500_length_1680_cov_27.45896	45202	45202	plasmid
RNODE_300_length_4019_cov_4.97498	45202	45202	plasmid
RNODE_208_length_1614_cov_5.26633	45202	45202	plasmid
RNODE_378_length_1492_cov_8.56599	45202	45202	plasmid
RNODE_495_length_2750_cov_9.86766	32644	32644	unknown
RNODE_327_length_1948_cov_35.31308	32644	32644	unknown
RNODE_271_length_3998_cov_11.67404	45202	45202	plasmid
RNODE_222_length_1915_cov_3.09562	32644	32644	unknown
RNODE_255_length_1540_cov_6.64690	32644	32644	unknown
RNODE_414_length_1523_cov_18.59893	32644	32644	unknown
RNODE_331_length_2739_cov_8.16194	45202	45202	plasmid
RNODE_201_length_2438_cov_4.66846	32644	32644	unknown
RNODE_389_length_1545_cov_18.59160	45202	45202	plasmid
RNODE_399_length_2276_cov_6.18101	32644	32644	unknown
RNODE_176_length_1549_cov_36.55206	32644	32644	unknown
RNODE_547_length_3725_cov_47.04079	45202	45202	plasmid
RNODE_239_length_2392_cov_75.72363	32644	32644	unknown
RNODE_492_length_1548_cov_6.84136	45202	45202	plasmid
RNODE_357_length_1732_cov_5.71053	45202	45202	plasmid
RNODE_129_length_1566_cov_26.20790	45202	45202	plasmid
RNODE_453_length_1486_cov_93.02213	32644	32644	unknown
RNODE_184_length_2456_cov_5.89523	32644	32644	unknown
RNODE_288_length_3164_cov_59.95449	45202	45202	plasmid
RNODE_152_length_11535_cov_8.34205	45202	45202	plasmid
RNODE_402_length_1846_cov_2.27906	32644	32644	unknown
RNODE_460_length_2629_cov_18.40010	45202	45202	plasmid
RNODE_598_length_2095_cov_11.12130	45202	45202	plasmid
RNODE_282_length_2526_cov_38.05351	32644	32644	unknown
RNODE_280_length_5088_cov_4.43328	32644	32644	unknown
RNODE_358_length_1590_cov_1.68367	32644	32644	unknown
RNODE_365_length_1432_cov_3.86525	32644	32644	unknown
RNODE_591_length_3620_cov_70.16410	32644	32644	unknown
RNODE_261_length_5536_cov_4.10881	1214906	1214906	virus
RNODE_101_length_1372_cov_7.49556	32644	32644	unknown
RNODE_302_length_1793_cov_4.21739	32644	32644	unknown
RNODE_426_length_2252_cov_11.50083	45202	45202	plasmid
RNODE_165_length_1669_cov_2.37887	45202	45202	plasmid
RNODE_384_length_4213_cov_12.53305	32644	32644	unknown
RNODE_555_length_2155_cov_6.40249	32644	32644	unknown
RNODE_12_length_1515_cov_4.22907	45202	45202	plasmid
RNODE_553_length_2015_cov_11.90704	45202	45202	plasmid
RNODE_195_length_1761_cov_3.04140	32644	32644	unknown
RNODE_326_length_1765_cov_55.82043	45202	45202	plasmid
RNODE_287_length_2601_cov_28.03218	32644	32644	unknown
RNODE_3_length_2132_cov_9.73460	32644	32644	unknown
RNODE_256_length_3265_cov_29.43355	45202	45202	plasmid
RNODE_27_length_9272_cov_4.89762	45202	45202	plasmid
RNODE_274_length_1504_cov_11.90756	32644	32644	unknown
RNODE_571_length_1509_cov_5.57472	45202	45202	plasmid
RNODE_573_length_3100_cov_6.78384	45202	45202	plasmid
RNODE_594_length_1666_cov_5.29552	32644	32644	unknown
RNODE_8_length_2730_cov_5.02585	45202	45202	plasmid
RNODE_270_length_5234_cov_7.75671	45202	45202	plasmid
RNODE_502_length_2205_cov_11.49694	45202	45202	plasmid
RNODE_70_length_1980_cov_24.25332	32644	32644	unknown
RNODE_128_length_2643_cov_8.66196	45202	45202	plasmid
RNODE_494_length_2579_cov_7.85352	45202	45202	plasmid
RNODE_469_length_3055_cov_6.28858	45202	45202	plasmid
RNODE_197_length_5069_cov_3.76758	32644	32644	unknown
RNODE_87_length_5673_cov_23.00212	45202	45202	plasmid
RNODE_84_length_1477_cov_11.65155	32644	32644	unknown
RNODE_199_length_3758_cov_10.79550	45202	45202	plasmid
RNODE_376_length_2653_cov_7.05093	32644	32644	unknown
RNODE_9_length_1992_cov_4.69492	32644	32644	unknown
RNODE_59_length_7149_cov_6.99495	45202	45202	plasmid
RNODE_543_length_8600_cov_5.33630	45202	45202	plasmid
RNODE_568_length_4215_cov_4.24868	45202	45202	plasmid
RNODE_19_length_30312_cov_10.20690	45202	45202	plasmid
RNODE_118_length_1774_cov_2.07534	45202	45202	plasmid
RNODE_345_length_2889_cov_34.12033	45202	45202	plasmid
RNODE_212_length_4097_cov_3.86528	32644	32644	unknown
RNODE_252_length_2412_cov_8.03222	45202	45202	plasmid
RNODE_449_length_3981_cov_10.04107	45202	45202	plasmid
RNODE_233_length_1740_cov_3.83120	32644	32644	unknown
RNODE_382_length_1274_cov_6.08626	32644	32644	unknown
RNODE_169_length_2014_cov_4.86797	32644	32644	unknown
RNODE_230_length_2858_cov_5.31312	45202	45202	plasmid
RNODE_574_length_2604_cov_12.49740	45202	45202	plasmid
RNODE_203_length_1708_cov_4.32029	32644	32644	unknown
RNODE_332_length_1624_cov_3.94382	45202	45202	plasmid
RNODE_43_length_1562_cov_5.51818	32644	32644	unknown
RNODE_503_length_17293_cov_6.40561	32644	32644	unknown
RNODE_566_length_1455_cov_10.94416	32644	32644	unknown
RNODE_461_length_26656_cov_11.43708	32644	32644	unknown
RNODE_183_length_2196_cov_14.40984	32644	32644	unknown
RNODE_30_length_2201_cov_7.76228	45202	45202	plasmid
RNODE_97_length_2902_cov_3.95799	45202	45202	plasmid
RNODE_206_length_1596_cov_53.17090	32644	32644	unknown
RNODE_157_length_9240_cov_11.70069	45202	45202	plasmid
RNODE_121_length_10870_cov_30.65219	45202	45202	plasmid
RNODE_272_length_2015_cov_5.10035	32644	32644	unknown
RNODE_511_length_2859_cov_7.60477	45202	45202	plasmid
RNODE_546_length_1712_cov_11.02048	45202	45202	plasmid
RNODE_510_length_1545_cov_4.91248	32644	32644	unknown
RNODE_80_length_5133_cov_7.08687	45202	45202	plasmid
RNODE_556_length_34387_cov_8.27811	45202	45202	plasmid
RNODE_335_length_1478_cov_2.76786	32644	32644	unknown
RNODE_202_length_2300_cov_3.80773	32644	32644	unknown
RNODE_192_length_7636_cov_18.62687	45202	45202	plasmid
RNODE_395_length_1428_cov_3.92319	32644	32644	unknown
RNODE_131_length_3521_cov_17.22578	45202	45202	plasmid
RNODE_172_length_2223_cov_6.95729	32644	32644	unknown
RNODE_398_length_3296_cov_5.67929	45202	45202	plasmid
RNODE_20_length_3323_cov_4.22024	45202	45202	plasmid
RNODE_569_length_1759_cov_4.34949	32644	32644	unknown
RNODE_421_length_4705_cov_4.03310	1214906	1214906	virus
RNODE_533_length_2589_cov_10.83519	45202	45202	plasmid
RNODE_581_length_1595_cov_4.44509	45202	45202	plasmid
RNODE_231_length_5311_cov_4.30176	45202	45202	plasmid
RNODE_401_length_5038_cov_52.89115	45202	45202	plasmid
RNODE_177_length_3051_cov_8.18455	45202	45202	plasmid
RNODE_209_length_3433_cov_79.37027	32644	32644	unknown
RNODE_445_length_2035_cov_5.02735	32644	32644	unknown
RNODE_115_length_1563_cov_5.85918	32644	32644	unknown
RNODE_82_length_2481_cov_3.36397	45202	45202	plasmid
RNODE_102_length_8268_cov_3.53650	45202	45202	plasmid
RNODE_422_length_2556_cov_6.56672	32644	32644	unknown
RNODE_132_length_8354_cov_2.98896	45202	45202	plasmid
RNODE_405_length_1632_cov_8.96149	45202	45202	plasmid
RNODE_44_length_6101_cov_2.97384	45202	45202	plasmid
RNODE_567_length_2043_cov_21.53474	32644	32644	unknown
RNODE_340_length_1678_cov_17.80556	32644	32644	unknown
RNODE_136_length_1758_cov_14.12385	45202	45202	plasmid
RNODE_42_length_6009_cov_12.62369	45202	45202	plasmid
RNODE_409_length_1368_cov_5.05646	32644	32644	unknown
RNODE_525_length_3666_cov_9.03954	32644	32644	unknown
RNODE_175_length_2761_cov_19.02118	32644	32644	unknown
RNODE_191_length_4523_cov_9.06065	1214906	1214906	virus
RNODE_46_length_1611_cov_3.70422	32644	32644	unknown
RNODE_245_length_4357_cov_37.67935	45202	45202	plasmid
RNODE_478_length_1307_cov_169.80266	32644	32644	unknown
RNODE_438_length_14517_cov_4.70775	45202	45202	plasmid
RNODE_370_length_1832_cov_7.75801	32644	32644	unknown
RNODE_190_length_2372_cov_3.90340	45202	45202	plasmid
RNODE_155_length_2531_cov_7.75129	45202	45202	plasmid
RNODE_273_length_1300_cov_2.30673	32644	32644	unknown
RNODE_168_length_1728_cov_6.59379	32644	32644	unknown
RNODE_186_length_2504_cov_28.93916	45202	45202	plasmid
RNODE_388_length_2936_cov_27.70796	45202	45202	plasmid
RNODE_21_length_1619_cov_4.64433	45202	45202	plasmid
RNODE_232_length_21840_cov_9.43432	45202	45202	plasmid
RNODE_447_length_1716_cov_15.11213	45202	45202	plasmid
RNODE_441_length_2686_cov_18.21714	32644	32644	unknown
RNODE_356_length_2244_cov_4.44644	32644	32644	unknown
RNODE_561_length_1583_cov_3.83769	32644	32644	unknown
RNODE_262_length_4000_cov_14.35495	45202	45202	plasmid
RNODE_113_length_2920_cov_5.66563	45202	45202	plasmid
RNODE_16_length_2729_cov_73.58182	32644	32644	unknown
RNODE_321_length_5296_cov_10.18297	32644	32644	unknown
RNODE_81_length_1318_cov_3.55864	32644	32644	unknown
RNODE_413_length_3069_cov_3.80768	45202	45202	plasmid
RNODE_465_length_2281_cov_5.29996	32644	32644	unknown
RNODE_349_length_1558_cov_4.95117	32644	32644	unknown
RNODE_410_length_2558_cov_5.74172	32644	32644	unknown
RNODE_588_length_1894_cov_3.77861	32644	32644	unknown
RNODE_545_length_2037_cov_103.39869	32644	32644	unknown
RNODE_250_length_5534_cov_8.34289	32644	32644	unknown
RNODE_475_length_9205_cov_9.11194	45202	45202	plasmid
RNODE_123_length_2054_cov_30.18504	32644	32644	unknown
RNODE_269_length_3926_cov_5.29021	45202	45202	plasmid
RNODE_505_length_8295_cov_9.15006	45202	45202	plasmid
RNODE_334_length_1555_cov_5.92107	45202	45202	plasmid
RNODE_267_length_1450_cov_3.70798	32644	32644	unknown
RNODE_141_length_2345_cov_22.92639	45202	45202	plasmid
RNODE_303_length_2852_cov_2.02615	45202	45202	plasmid
RNODE_452_length_1435_cov_89.39445	32644	32644	unknown
RNODE_39_length_2309_cov_8.39790	32644	32644	unknown
RNODE_592_length_3754_cov_6.59927	45202	45202	plasmid
RNODE_29_length_2138_cov_51.39745	32644	32644	unknown
RNODE_26_length_2149_cov_3.97038	45202	45202	plasmid
RNODE_11_length_2136_cov_9.27578	32644	32644	unknown
RNODE_313_length_7631_cov_9.92207	45202	45202	plasmid
RNODE_194_length_1274_cov_1.74441	32644	32644	unknown
RNODE_135_length_2376_cov_3.88445	32644	32644	unknown
RNODE_244_length_5333_cov_28.75937	45202	45202	plasmid
RNODE_117_length_1506_cov_6.97170	32644	32644	unknown
RNODE_1_length_6898_cov_7.60442	45202	45202	plasmid
RNODE_535_length_1698_cov_14.80778	45202	45202	plasmid
RNODE_278_length_7999_cov_5.67456	45202	45202	plasmid
RNODE_215_length_3095_cov_6.61373	45202	45202	plasmid
RNODE_589_length_1668_cov_40.93320	32644	32644	unknown
RNODE_554_length_6559_cov_5.96604	32644	32644	unknown
RNODE_58_length_3492_cov_8.06052	45202	45202	plasmid
RNODE_64_length_2498_cov_2.19628	45202	45202	plasmid
RNODE_489_length_2151_cov_58.40979	45202	45202	plasmid
RNODE_170_length_2572_cov_18.40510	45202	45202	plasmid
RNODE_371_length_3091_cov_4.47833	45202	45202	plasmid
RNODE_536_length_2671_cov_5.65343	45202	45202	plasmid
RNODE_582_length_6266_cov_6.90437	32644	32644	unknown
RNODE_305_length_1545_cov_4.08273	32644	32644	unknown
RNODE_285_length_1358_cov_4.40719	32644	32644	unknown
RNODE_542_length_2159_cov_35.95760	32644	32644	unknown
RNODE_66_length_2707_cov_5.26741	32644	32644	unknown
RNODE_249_length_1595_cov_4.08837	32644	32644	unknown
RNODE_179_length_3165_cov_11.18263	45202	45202	plasmid
RNODE_148_length_1828_cov_3.97398	32644	32644	unknown
RNODE_454_length_3059_cov_7.56632	32644	32644	unknown
RNODE_329_length_4403_cov_3.14905	32644	32644	unknown
RNODE_471_length_2314_cov_27.32580	45202	45202	plasmid
RNODE_467_length_4285_cov_163.04211	45202	45202	plasmid
RNODE_120_length_2282_cov_6.07257	32644	32644	unknown
RNODE_153_length_2931_cov_9.80406	32644	32644	unknown
RNODE_105_length_62790_cov_25.15822	1214906	1214906	virus
RNODE_541_length_5933_cov_6.74656	45202	45202	plasmid
RNODE_35_length_2870_cov_3.96032	32644	32644	unknown
RNODE_516_length_4468_cov_33.78336	45202	45202	plasmid
RNODE_240_length_12811_cov_7.14481	45202	45202	plasmid
RNODE_246_length_2482_cov_3.42358	32644	32644	unknown
RNODE_22_length_7302_cov_3.23613	32644	32644	unknown
RNODE_241_length_10461_cov_3.82000	1214906	1214906	virus
RNODE_13_length_1938_cov_15.43946	32644	32644	unknown
RNODE_92_length_2810_cov_4.09613	45202	45202	plasmid
RNODE_53_length_5801_cov_10.05503	32644	32644	unknown
RNODE_49_length_2149_cov_5.34556	32644	32644	unknown
RNODE_61_length_7669_cov_5.82281	32644	32644	unknown
RNODE_276_length_1745_cov_5.73070	32644	32644	unknown
RNODE_596_length_1535_cov_4.05353	32644	32644	unknown
RNODE_483_length_2623_cov_9.08778	32644	32644	unknown
RNODE_526_length_2764_cov_10.07362	32644	32644	unknown
RNODE_293_length_11038_cov_5.01480	45202	45202	plasmid
RNODE_57_length_1642_cov_4.22716	32644	32644	unknown
RNODE_214_length_1765_cov_3.24842	32644	32644	unknown
RNODE_189_length_1548_cov_4.91153	45202	45202	plasmid
RNODE_466_length_2414_cov_22.47806	45202	45202	plasmid
RNODE_473_length_2154_cov_104.90849	32644	32644	unknown
RNODE_41_length_1982_cov_209.61480	45202	45202	plasmid
RNODE_425_length_1554_cov_17.16795	32644	32644	unknown
RNODE_463_length_2242_cov_48.39465	45202	45202	plasmid
RNODE_37_length_1566_cov_13.53497	45202	45202	plasmid
RNODE_111_length_2230_cov_3.84239	32644	32644	unknown
RNODE_106_length_1583_cov_3.49519	32644	32644	unknown
RNODE_79_length_2421_cov_3.19008	45202	45202	plasmid
RNODE_187_length_2669_cov_7.35323	45202	45202	plasmid
RNODE_15_length_2057_cov_7.49140	45202	45202	plasmid
RNODE_354_length_3591_cov_3.85010	45202	45202	plasmid
RNODE_310_length_7241_cov_7.51586	45202	45202	plasmid
RNODE_51_length_2136_cov_5.31315	45202	45202	plasmid
LjRoot170	34073	34073	manual_strain
LjRoot62	34073	34073	manual_strain
LjRoot139	34073	34073	manual_strain
3823_R	34073	34073	manual_strain
3823_AP	34073	34073	manual_strain
LjRoot150	34073	34073	manual_strain
LjRoot84	1882774	1882774	manual_strain
LjRoot130	1882774	1882774	manual_strain
LjRoot175	1882774	1882774	manual_strain
LjRoot103	12916	12916	manual_strain
LjRoot176	12916	12916	manual_strain
LjRoot66	12916	12916	manual_strain
LjRoot109	358220	358220	manual_strain
LjRoot187	358220	358220	manual_strain
LjRoot181	358220	358220	manual_strain
LjRoot120	358220	358220	manual_strain
3934_E	40323	40323	manual_strain
3934_Q	40323	40323	manual_strain
3934_F	40323	40323	manual_strain
3934_BI	237	237	manual_strain
3823_L	32008	32008	manual_strain
LjRoot28	212743	212743	manual_strain
